"name","artist","artistPopularity","artistFollowers","popularity","topTrackOrder","uri","danceability","energy","speechiness","trackURL","trackPrev","artistURL","image"
"One More Time","Armin van Buuren","74","4099581","69","1","spotify:track:1lXyxleB814ehGUXzsWNXu","0.579","0.761","0.0509","https://open.spotify.com/track/1lXyxleB814ehGUXzsWNXu","https://p.scdn.co/mp3-preview/ccb3a42f1e2f1dcd6976331bdf8eeeeb27bbda63?cid=b161b04bc8624dbe92750da1368b73c0","https://open.spotify.com/artist/0SfsnGyD8FpIN4U4WCkBZ5","https://i.scdn.co/image/ab6761610000e5eb9fd1a1de7824abce0db4c558"
"Blah Blah Blah","Armin van Buuren","74","4099581","66","2","spotify:track:1moFkZDqcjQNeXtyoanLHv","0.612","0.963","0.0531","https://open.spotify.com/track/1moFkZDqcjQNeXtyoanLHv","https://p.scdn.co/mp3-preview/4149bd30a4a078a99fbc962879692eb65d358be2?cid=b161b04bc8624dbe92750da1368b73c0","https://open.spotify.com/artist/0SfsnGyD8FpIN4U4WCkBZ5","https://i.scdn.co/image/ab6761610000e5eb9fd1a1de7824abce0db4c558"
"This Is What It Feels Like","Armin van Buuren","74","4099581","67","3","spotify:track:5GjnIpUlLGEIYk052ISOw9","0.551","0.833","0.03","https://open.spotify.com/track/5GjnIpUlLGEIYk052ISOw9","https://p.scdn.co/mp3-preview/2feeb727fcb145575c525edcdbf9dfe787968094?cid=b161b04bc8624dbe92750da1368b73c0","https://open.spotify.com/artist/0SfsnGyD8FpIN4U4WCkBZ5","https://i.scdn.co/image/ab6761610000e5eb9fd1a1de7824abce0db4c558"
"Great Spirit","Armin van Buuren","74","4099581","66","4","spotify:track:3Nku6gLNqnwUuq8GLkqyhW","0.592","0.911","0.0659","https://open.spotify.com/track/3Nku6gLNqnwUuq8GLkqyhW","https://p.scdn.co/mp3-preview/adaee5538e4be14eee1532878d91ed1a8b5920e6?cid=b161b04bc8624dbe92750da1368b73c0","https://open.spotify.com/artist/0SfsnGyD8FpIN4U4WCkBZ5","https://i.scdn.co/image/ab6761610000e5eb9fd1a1de7824abce0db4c558"
"Come Around Again","Armin van Buuren","74","4099581","62","5","spotify:track:5pr0RW6itk3yEfJHkg4DIF","0.589","0.912","0.0766","https://open.spotify.com/track/5pr0RW6itk3yEfJHkg4DIF","https://p.scdn.co/mp3-preview/238780b0918a72b369c622beb2ceef04ea4fcb71?cid=b161b04bc8624dbe92750da1368b73c0","https://open.spotify.com/artist/0SfsnGyD8FpIN4U4WCkBZ5","https://i.scdn.co/image/ab6761610000e5eb9fd1a1de7824abce0db4c558"
"Leave A Little Love","Armin van Buuren","74","4099581","64","6","spotify:track:5pmbZWt1lYVMvZ12MSdtqF","0.671","0.855","0.0375","https://open.spotify.com/track/5pmbZWt1lYVMvZ12MSdtqF","https://p.scdn.co/mp3-preview/064ec2a24380109d726f598489b7ed29bcb07a0b?cid=b161b04bc8624dbe92750da1368b73c0","https://open.spotify.com/artist/0SfsnGyD8FpIN4U4WCkBZ5","https://i.scdn.co/image/ab6761610000e5eb9fd1a1de7824abce0db4c558"
"Love We Lost (with R3HAB)","Armin van Buuren","74","4099581","54","7","spotify:track:3ADl2kvyEaYmL2jMrHgIot","0.651","0.783","0.0501","https://open.spotify.com/track/3ADl2kvyEaYmL2jMrHgIot","https://p.scdn.co/mp3-preview/d97c1f55e3db9953b4b639da5e79e55c0ec5f632?cid=b161b04bc8624dbe92750da1368b73c0","https://open.spotify.com/artist/0SfsnGyD8FpIN4U4WCkBZ5","https://i.scdn.co/image/ab6761610000e5eb9fd1a1de7824abce0db4c558"
"No Fun","Armin van Buuren","74","4099581","62","8","spotify:track:08Cz11QoQysCqgDONUVXmL","0.731","0.904","0.0349","https://open.spotify.com/track/08Cz11QoQysCqgDONUVXmL","https://p.scdn.co/mp3-preview/bcac012146e3c892d69676928b3a4aa27e2711f7?cid=b161b04bc8624dbe92750da1368b73c0","https://open.spotify.com/artist/0SfsnGyD8FpIN4U4WCkBZ5","https://i.scdn.co/image/ab6761610000e5eb9fd1a1de7824abce0db4c558"
"Superman","Armin van Buuren","74","4099581","62","9","spotify:track:2HXX7sAKE71YbJ5Wysju9e","0.403","0.884","0.126","https://open.spotify.com/track/2HXX7sAKE71YbJ5Wysju9e","https://p.scdn.co/mp3-preview/8b1fcda754401a87daca122d55494c8ad7132776?cid=b161b04bc8624dbe92750da1368b73c0","https://open.spotify.com/artist/0SfsnGyD8FpIN4U4WCkBZ5","https://i.scdn.co/image/ab6761610000e5eb9fd1a1de7824abce0db4c558"
"Forever & Always","Armin van Buuren","74","4099581","61","10","spotify:track:0moqpuDhgttCjbCW9eYtNq","0.58","0.921","0.0463","https://open.spotify.com/track/0moqpuDhgttCjbCW9eYtNq","https://p.scdn.co/mp3-preview/699f5cea8e9329ec7b88d1aa322519a5d4ba544b?cid=b161b04bc8624dbe92750da1368b73c0","https://open.spotify.com/artist/0SfsnGyD8FpIN4U4WCkBZ5","https://i.scdn.co/image/ab6761610000e5eb9fd1a1de7824abce0db4c558"
"All of Me (feat. Logic ROZES)","Big Gigantic","56","242033","62","1","spotify:track:3ISiZ0GzocM9ssIwqRn1AW","0.627","0.878","0.0409","https://open.spotify.com/track/3ISiZ0GzocM9ssIwqRn1AW","https://p.scdn.co/mp3-preview/504c29576424958b2eca923438fa43f917d18531?cid=b161b04bc8624dbe92750da1368b73c0","https://open.spotify.com/artist/7o7mC95EDbJKTcPAAs8C3r","https://i.scdn.co/image/ab6761610000e5ebed3f89332136e5cb66e263d3"
"Save Me From Myself (with NoMBe & Big Gigantic)","Big Gigantic","56","242033","56","2","spotify:track:7f4bRMqRKRfUNPW2gbTHSt","0.673","0.676","0.216","https://open.spotify.com/track/7f4bRMqRKRfUNPW2gbTHSt","nan","https://open.spotify.com/artist/7o7mC95EDbJKTcPAAs8C3r","https://i.scdn.co/image/ab6761610000e5ebed3f89332136e5cb66e263d3"
"The Little Things (feat. Angela McCluskey) - Kasbo Remix","Big Gigantic","56","242033","54","3","spotify:track:6bC7spF0E7vVSFVN7DQ7dD","0.483","0.58","0.0442","https://open.spotify.com/track/6bC7spF0E7vVSFVN7DQ7dD","https://p.scdn.co/mp3-preview/9de5f82ca99c6afdadb4f22b088e47d91a642db2?cid=b161b04bc8624dbe92750da1368b73c0","https://open.spotify.com/artist/7o7mC95EDbJKTcPAAs8C3r","https://i.scdn.co/image/ab6761610000e5ebed3f89332136e5cb66e263d3"
"Keep On Rising","Big Gigantic","56","242033","47","4","spotify:track:7EaehBa56zC6krwv0WIpDi","0.618","0.76","0.172","https://open.spotify.com/track/7EaehBa56zC6krwv0WIpDi","https://p.scdn.co/mp3-preview/f2a1e481f902050a8dc515fd30ce4f90e992ebd5?cid=b161b04bc8624dbe92750da1368b73c0","https://open.spotify.com/artist/7o7mC95EDbJKTcPAAs8C3r","https://i.scdn.co/image/ab6761610000e5ebed3f89332136e5cb66e263d3"
"Got Me Like","Big Gigantic","56","242033","53","5","spotify:track:4JPG8zY4MKIrchfyFGOEPU","0.609","0.847","0.0514","https://open.spotify.com/track/4JPG8zY4MKIrchfyFGOEPU","https://p.scdn.co/mp3-preview/cec9039f2a02438b8337b9457fa6e01cbae893b4?cid=b161b04bc8624dbe92750da1368b73c0","https://open.spotify.com/artist/7o7mC95EDbJKTcPAAs8C3r","https://i.scdn.co/image/ab6761610000e5ebed3f89332136e5cb66e263d3"
"Free","Big Gigantic","56","242033","53","6","spotify:track:5agmzhJRTNdZsQsuyavdzx","0.242","0.76","0.055","https://open.spotify.com/track/5agmzhJRTNdZsQsuyavdzx","https://p.scdn.co/mp3-preview/ab158136c0ec595b30783fad72e7050469081e70?cid=b161b04bc8624dbe92750da1368b73c0","https://open.spotify.com/artist/7o7mC95EDbJKTcPAAs8C3r","https://i.scdn.co/image/ab6761610000e5ebed3f89332136e5cb66e263d3"
"Miss Primetime (feat. Pell)","Big Gigantic","56","242033","51","7","spotify:track:3yPTvclOFf23OcsCEfy6i4","0.589","0.934","0.12","https://open.spotify.com/track/3yPTvclOFf23OcsCEfy6i4","https://p.scdn.co/mp3-preview/aa608d57a28852f10f07d83f2b696da9aef61357?cid=b161b04bc8624dbe92750da1368b73c0","https://open.spotify.com/artist/7o7mC95EDbJKTcPAAs8C3r","https://i.scdn.co/image/ab6761610000e5ebed3f89332136e5cb66e263d3"
"Open Your Mind","Big Gigantic","56","242033","41","8","spotify:track:2MRauB8ahqOPdKuywxI17I","0.75","0.912","0.176","https://open.spotify.com/track/2MRauB8ahqOPdKuywxI17I","https://p.scdn.co/mp3-preview/355e035c0c7b73c1aafb2e39aa80090504d49372?cid=b161b04bc8624dbe92750da1368b73c0","https://open.spotify.com/artist/7o7mC95EDbJKTcPAAs8C3r","https://i.scdn.co/image/ab6761610000e5ebed3f89332136e5cb66e263d3"
"Moonlight","Big Gigantic","56","242033","49","9","spotify:track:41DmQcdFB204OWprnv6Ahp","0.65","0.74","0.0851","https://open.spotify.com/track/41DmQcdFB204OWprnv6Ahp","https://p.scdn.co/mp3-preview/9ba269c8ac3532c5b813b0db72b6b5b76b135c80?cid=b161b04bc8624dbe92750da1368b73c0","https://open.spotify.com/artist/7o7mC95EDbJKTcPAAs8C3r","https://i.scdn.co/image/ab6761610000e5ebed3f89332136e5cb66e263d3"
"Good Times Roll","Big Gigantic","56","242033","48","10","spotify:track:68iIALIAQ03juj9BZpafox","0.638","0.891","0.108","https://open.spotify.com/track/68iIALIAQ03juj9BZpafox","https://p.scdn.co/mp3-preview/671ede91fe76b588a06ede3a993741941e4e2ec2?cid=b161b04bc8624dbe92750da1368b73c0","https://open.spotify.com/artist/7o7mC95EDbJKTcPAAs8C3r","https://i.scdn.co/image/ab6761610000e5ebed3f89332136e5cb66e263d3"
"I Want You (Forever) - Josh Butler Remix - Radio Edit","Carl Cox","53","671000","62","1","spotify:track:6A2fGSY2uZcidWpNosshqc","0.87","0.657","0.0746","https://open.spotify.com/track/6A2fGSY2uZcidWpNosshqc","https://p.scdn.co/mp3-preview/f82f243fe1f8924d48a5cf5c8e0a1cddecd6ab3c?cid=b161b04bc8624dbe92750da1368b73c0","https://open.spotify.com/artist/19SmlbABtI4bXz864MLqOS","https://i.scdn.co/image/ab6761610000e5eb173547d2b3414f741bb7b615"
"Speed Trials On Acid (feat. Dan Diamond) - LF SYSTEM Remix","Carl Cox","53","671000","55","2","spotify:track:22ex3jj1Iiym4nT1ikmnNE","0.682","0.963","0.0362","https://open.spotify.com/track/22ex3jj1Iiym4nT1ikmnNE","https://p.scdn.co/mp3-preview/ebf4f281fdf5a0d30d2351b44262d45413681906?cid=b161b04bc8624dbe92750da1368b73c0","https://open.spotify.com/artist/19SmlbABtI4bXz864MLqOS","https://i.scdn.co/image/ab6761610000e5eb173547d2b3414f741bb7b615"
"Inferno","Carl Cox","53","671000","52","3","spotify:track:5TLCWDk3OqCe9mTPEJFbgU","0.675","0.823","0.0887","https://open.spotify.com/track/5TLCWDk3OqCe9mTPEJFbgU","https://p.scdn.co/mp3-preview/10718f13224f37ce7fb22fc88ef1e0687421addf?cid=b161b04bc8624dbe92750da1368b73c0","https://open.spotify.com/artist/19SmlbABtI4bXz864MLqOS","https://i.scdn.co/image/ab6761610000e5eb173547d2b3414f741bb7b615"
"Talamanca - Carl Cox Remix","Carl Cox","53","671000","51","4","spotify:track:4aFUd8Kilk401OLNMugJDg","0.644","0.887","0.0348","https://open.spotify.com/track/4aFUd8Kilk401OLNMugJDg","https://p.scdn.co/mp3-preview/ca7a3d3d5de7a1beaaa7b9ea0867f90911925247?cid=b161b04bc8624dbe92750da1368b73c0","https://open.spotify.com/artist/19SmlbABtI4bXz864MLqOS","https://i.scdn.co/image/ab6761610000e5eb173547d2b3414f741bb7b615"
"See the Sun Rising","Carl Cox","53","671000","51","5","spotify:track:0wFXUI6pRUNLdhQYwwPykg","0.555","0.931","0.0486","https://open.spotify.com/track/0wFXUI6pRUNLdhQYwwPykg","https://p.scdn.co/mp3-preview/3f4959ddf3165adf6e9bd6b19ca9269c24381a75?cid=b161b04bc8624dbe92750da1368b73c0","https://open.spotify.com/artist/19SmlbABtI4bXz864MLqOS","https://i.scdn.co/image/ab6761610000e5eb173547d2b3414f741bb7b615"
"Finder - Carl Cox Remix Edit","Carl Cox","53","671000","50","6","spotify:track:58aSEVveLPGAGoyzYNgUHt","0.783","0.957","0.0385","https://open.spotify.com/track/58aSEVveLPGAGoyzYNgUHt","https://p.scdn.co/mp3-preview/7d1f7d05b00240ecc024f7dd3d532a64ec94c5cf?cid=b161b04bc8624dbe92750da1368b73c0","https://open.spotify.com/artist/19SmlbABtI4bXz864MLqOS","https://i.scdn.co/image/ab6761610000e5eb173547d2b3414f741bb7b615"
"We Are One","Carl Cox","53","671000","45","7","spotify:track:3J3XaMhpQvDfJjCE38ow9x","0.297","0.866","0.0886","https://open.spotify.com/track/3J3XaMhpQvDfJjCE38ow9x","https://p.scdn.co/mp3-preview/213bf11cabe5ffbfcc20345fe12ed3277ffc90cd?cid=b161b04bc8624dbe92750da1368b73c0","https://open.spotify.com/artist/19SmlbABtI4bXz864MLqOS","https://i.scdn.co/image/ab6761610000e5eb173547d2b3414f741bb7b615"
"Speed Trials On Acid (feat. Dan Diamond) - Riton Remix","Carl Cox","53","671000","45","8","spotify:track:0WwCjSF1kI1QwEj39x4AuQ","0.701","0.796","0.0713","https://open.spotify.com/track/0WwCjSF1kI1QwEj39x4AuQ","https://p.scdn.co/mp3-preview/b5ad1cc301a48e02f18e1948bb8c2aef99946a89?cid=b161b04bc8624dbe92750da1368b73c0","https://open.spotify.com/artist/19SmlbABtI4bXz864MLqOS","https://i.scdn.co/image/ab6761610000e5eb173547d2b3414f741bb7b615"
"How It Makes You Feel","Carl Cox","53","671000","42","9","spotify:track:1VIaMdoWo7iNLoxdAJJoHK","0.787","0.804","0.0751","https://open.spotify.com/track/1VIaMdoWo7iNLoxdAJJoHK","https://p.scdn.co/mp3-preview/665b5e1fa9ad5211c250fc2d6df21820e7e8bbf2?cid=b161b04bc8624dbe92750da1368b73c0","https://open.spotify.com/artist/19SmlbABtI4bXz864MLqOS","https://i.scdn.co/image/ab6761610000e5eb173547d2b3414f741bb7b615"
"Ohh Baby - David Tort's Dub Tech Mix","Carl Cox","53","671000","42","10","spotify:track:2mrYurqSVRigZnrLZk42j4","0.732","0.941","0.127","https://open.spotify.com/track/2mrYurqSVRigZnrLZk42j4","https://p.scdn.co/mp3-preview/9827e546aadb0e62e559d5ec23fc8a98005f9fba?cid=b161b04bc8624dbe92750da1368b73c0","https://open.spotify.com/artist/19SmlbABtI4bXz864MLqOS","https://i.scdn.co/image/ab6761610000e5eb173547d2b3414f741bb7b615"
"I'm Solo","Claude VonStroke","45","115281","50","1","spotify:track:3YgQmd3NhIymCCDmMpIX5w","0.82","0.682","0.0514","https://open.spotify.com/track/3YgQmd3NhIymCCDmMpIX5w","https://p.scdn.co/mp3-preview/7dfe02369c448bf8781b1b1280d4e6612beb1d96?cid=b161b04bc8624dbe92750da1368b73c0","https://open.spotify.com/artist/5CYAFhywQTXdZmppCp0ukd","https://i.scdn.co/image/ab6761610000e5ebb29b0766de337516e7f37a55"
"An Evidence Of Time - Claude VonStroke Remix","Claude VonStroke","45","115281","44","2","spotify:track:5E2jurkZH7Y6Od8DHOiehG","0.961","0.536","0.209","https://open.spotify.com/track/5E2jurkZH7Y6Od8DHOiehG","https://p.scdn.co/mp3-preview/a0df3e2de38cadec20003b53d1b2dda8cf7c2dc2?cid=b161b04bc8624dbe92750da1368b73c0","https://open.spotify.com/artist/5CYAFhywQTXdZmppCp0ukd","https://i.scdn.co/image/ab6761610000e5ebb29b0766de337516e7f37a55"
"Jolean","Claude VonStroke","45","115281","43","3","spotify:track:2ng0DafMn7xw3JnzF1Zzmi","0.844","0.816","0.0649","https://open.spotify.com/track/2ng0DafMn7xw3JnzF1Zzmi","https://p.scdn.co/mp3-preview/17d900385c9e3d2a28fb77dd8681d792f819bfe0?cid=b161b04bc8624dbe92750da1368b73c0","https://open.spotify.com/artist/5CYAFhywQTXdZmppCp0ukd","https://i.scdn.co/image/ab6761610000e5ebb29b0766de337516e7f37a55"
"Everything Is Burning","Claude VonStroke","45","115281","40","4","spotify:track:5kVMQDy8cpGDz7HrFdZifu","0.685","0.742","0.0452","https://open.spotify.com/track/5kVMQDy8cpGDz7HrFdZifu","https://p.scdn.co/mp3-preview/f727566ad5dd24297cac9443f8d0334d8e2a039c?cid=b161b04bc8624dbe92750da1368b73c0","https://open.spotify.com/artist/5CYAFhywQTXdZmppCp0ukd","https://i.scdn.co/image/ab6761610000e5ebb29b0766de337516e7f37a55"
"Wet State","Claude VonStroke","45","115281","39","5","spotify:track:4Q4MaJDLgGDpfhT0kLxhL9","0.756","0.497","0.0428","https://open.spotify.com/track/4Q4MaJDLgGDpfhT0kLxhL9","https://p.scdn.co/mp3-preview/bfa069317520259da40d0f045dc37745f8cdb252?cid=b161b04bc8624dbe92750da1368b73c0","https://open.spotify.com/artist/5CYAFhywQTXdZmppCp0ukd","https://i.scdn.co/image/ab6761610000e5ebb29b0766de337516e7f37a55"
"Comments (feat. KE)","Claude VonStroke","45","115281","38","6","spotify:track:0uASTkKRy2Odq1mpN0SLqO","0.803","0.96","0.0429","https://open.spotify.com/track/0uASTkKRy2Odq1mpN0SLqO","https://p.scdn.co/mp3-preview/eb1b72aff1ed319fb5c3ccbb94ce4a219d2527dd?cid=b161b04bc8624dbe92750da1368b73c0","https://open.spotify.com/artist/5CYAFhywQTXdZmppCp0ukd","https://i.scdn.co/image/ab6761610000e5ebb29b0766de337516e7f37a55"
"Getting Hot","Claude VonStroke","45","115281","37","7","spotify:track:7kmdOsSxrNJTYbfN4ORjPg","0.848","0.885","0.0586","https://open.spotify.com/track/7kmdOsSxrNJTYbfN4ORjPg","https://p.scdn.co/mp3-preview/bfb66e3a69a19339489ee235a7e75a1474244036?cid=b161b04bc8624dbe92750da1368b73c0","https://open.spotify.com/artist/5CYAFhywQTXdZmppCp0ukd","https://i.scdn.co/image/ab6761610000e5ebb29b0766de337516e7f37a55"
"Who's Afraid Of Detroit?","Claude VonStroke","45","115281","37","8","spotify:track:1KiNEbmfe20LO0jitOp8Ao","0.807","0.74","0.0793","https://open.spotify.com/track/1KiNEbmfe20LO0jitOp8Ao","https://p.scdn.co/mp3-preview/0561e87b7eb3d4531118699ecd9a04d60d23faa3?cid=b161b04bc8624dbe92750da1368b73c0","https://open.spotify.com/artist/5CYAFhywQTXdZmppCp0ukd","https://i.scdn.co/image/ab6761610000e5ebb29b0766de337516e7f37a55"
"Make A Cake - Original Mix","Claude VonStroke","45","115281","37","9","spotify:track:7bFOkwjxOcGaw6ZULE58Mh","0.826","0.65","0.0579","https://open.spotify.com/track/7bFOkwjxOcGaw6ZULE58Mh","https://p.scdn.co/mp3-preview/4599581219476f52c9ff40d5aafa8c41893a4241?cid=b161b04bc8624dbe92750da1368b73c0","https://open.spotify.com/artist/5CYAFhywQTXdZmppCp0ukd","https://i.scdn.co/image/ab6761610000e5ebb29b0766de337516e7f37a55"
"Moody Fuse","Claude VonStroke","45","115281","36","10","spotify:track:6MDaMEgEVbKk5POEdY3TN5","0.799","0.65","0.0529","https://open.spotify.com/track/6MDaMEgEVbKk5POEdY3TN5","https://p.scdn.co/mp3-preview/cfa61b040e7f499d12b068a71633a7065d58f5ee?cid=b161b04bc8624dbe92750da1368b73c0","https://open.spotify.com/artist/5CYAFhywQTXdZmppCp0ukd","https://i.scdn.co/image/ab6761610000e5ebb29b0766de337516e7f37a55"
"Color Of Your Soul","CloZee","52","167043","58","1","spotify:track:71LZ7lwCisTG3H9UXKraTe","0.486","0.964","0.0548","https://open.spotify.com/track/71LZ7lwCisTG3H9UXKraTe","https://p.scdn.co/mp3-preview/e99d8227903e32998efe8195703893c7b979fd7a?cid=b161b04bc8624dbe92750da1368b73c0","https://open.spotify.com/artist/1496XxkytEk26FUJLfpVZr","https://i.scdn.co/image/ab6761610000e5eb922bbbcf683531b74a29242a"
"Back To The Top","CloZee","52","167043","52","2","spotify:track:5Jyk55gbmaRXAmcQyPvcFX","0.488","0.626","0.0373","https://open.spotify.com/track/5Jyk55gbmaRXAmcQyPvcFX","https://p.scdn.co/mp3-preview/ee3f1a8a8ced7c7b00b97bc569710f531f05c84e?cid=b161b04bc8624dbe92750da1368b73c0","https://open.spotify.com/artist/1496XxkytEk26FUJLfpVZr","https://i.scdn.co/image/ab6761610000e5eb922bbbcf683531b74a29242a"
"Koto","CloZee","52","167043","49","3","spotify:track:7pheKiMA7iqlIVRTbUEOCm","0.758","0.828","0.0272","https://open.spotify.com/track/7pheKiMA7iqlIVRTbUEOCm","https://p.scdn.co/mp3-preview/5e710ef30568093f039024b70003f3747a7abf1d?cid=b161b04bc8624dbe92750da1368b73c0","https://open.spotify.com/artist/1496XxkytEk26FUJLfpVZr","https://i.scdn.co/image/ab6761610000e5eb922bbbcf683531b74a29242a"
"Neon Jungle - Lane 8 Remix","CloZee","52","167043","47","4","spotify:track:4G3qY8rJC9C4BjKpzwsZN3","0.75","0.56","0.0313","https://open.spotify.com/track/4G3qY8rJC9C4BjKpzwsZN3","https://p.scdn.co/mp3-preview/ada2c924908651f6cfd010407f7207ff3856ba3a?cid=b161b04bc8624dbe92750da1368b73c0","https://open.spotify.com/artist/1496XxkytEk26FUJLfpVZr","https://i.scdn.co/image/ab6761610000e5eb922bbbcf683531b74a29242a"
"Baiana - CloZee Remix","CloZee","52","167043","47","5","spotify:track:5nQRjPmBn5foHzXI78qv5K","0.527","0.566","0.284","https://open.spotify.com/track/5nQRjPmBn5foHzXI78qv5K","https://p.scdn.co/mp3-preview/275c117fc6fad01be5fb8b6681753bb0a47360c8?cid=b161b04bc8624dbe92750da1368b73c0","https://open.spotify.com/artist/1496XxkytEk26FUJLfpVZr","https://i.scdn.co/image/ab6761610000e5eb922bbbcf683531b74a29242a"
"Overthinker - CloZee Remix","CloZee","52","167043","40","6","spotify:track:6Rqbg1ME7T7DinH88nd5Ig","0.353","0.746","0.104","https://open.spotify.com/track/6Rqbg1ME7T7DinH88nd5Ig","https://p.scdn.co/mp3-preview/cbbd218e6d73f3d5a75a96e7df86b555e2f44698?cid=b161b04bc8624dbe92750da1368b73c0","https://open.spotify.com/artist/1496XxkytEk26FUJLfpVZr","https://i.scdn.co/image/ab6761610000e5eb922bbbcf683531b74a29242a"
"Us (feat. The Kite String Tangle)","CloZee","52","167043","45","7","spotify:track:4Semps05CKRAjv7ELeLBxk","0.545","0.568","0.0365","https://open.spotify.com/track/4Semps05CKRAjv7ELeLBxk","https://p.scdn.co/mp3-preview/8f0fa6da3eae61723c93cc258f265a4597ebc57b?cid=b161b04bc8624dbe92750da1368b73c0","https://open.spotify.com/artist/1496XxkytEk26FUJLfpVZr","https://i.scdn.co/image/ab6761610000e5eb922bbbcf683531b74a29242a"
"Rain - CloZee Remix","CloZee","52","167043","43","8","spotify:track:0NRXZh6JNSoOxtOEDyKxCW","0.674","0.604","0.039","https://open.spotify.com/track/0NRXZh6JNSoOxtOEDyKxCW","https://p.scdn.co/mp3-preview/dad4a96d0b0672bbaf4ecd2ac98b50920a3bff4d?cid=b161b04bc8624dbe92750da1368b73c0","https://open.spotify.com/artist/1496XxkytEk26FUJLfpVZr","https://i.scdn.co/image/ab6761610000e5eb922bbbcf683531b74a29242a"
"Majesty - CloZee Remix","CloZee","52","167043","43","9","spotify:track:5smzwOCtNpDrH9Fn4DaqiZ","0.458","0.764","0.0491","https://open.spotify.com/track/5smzwOCtNpDrH9Fn4DaqiZ","https://p.scdn.co/mp3-preview/96fb2952b146f6fe5019cc94e41f5ddf72d58151?cid=b161b04bc8624dbe92750da1368b73c0","https://open.spotify.com/artist/1496XxkytEk26FUJLfpVZr","https://i.scdn.co/image/ab6761610000e5eb922bbbcf683531b74a29242a"
"Secret Place","CloZee","52","167043","42","10","spotify:track:7nYSThKhGZuaOQ8zeKSm1X","0.309","0.721","0.0389","https://open.spotify.com/track/7nYSThKhGZuaOQ8zeKSm1X","https://p.scdn.co/mp3-preview/0df7c7ac48beb45a04219a407d7ba64764c1888d?cid=b161b04bc8624dbe92750da1368b73c0","https://open.spotify.com/artist/1496XxkytEk26FUJLfpVZr","https://i.scdn.co/image/ab6761610000e5eb922bbbcf683531b74a29242a"
"Call on Me - Radio Mix","Eric Prydz","63","514282","74","1","spotify:track:1xNcBAoUw8Hz6LqK2jt4Ff","0.597","0.837","0.375","https://open.spotify.com/track/1xNcBAoUw8Hz6LqK2jt4Ff","https://p.scdn.co/mp3-preview/bd73ef301b60f140ef63d1cebc9285107514da3f?cid=b161b04bc8624dbe92750da1368b73c0","https://open.spotify.com/artist/5sm0jQ1mq0dusiLtDJ2b4R","https://i.scdn.co/image/ab6761610000e5eb4170f1e4c72c0a9fc2eddc1d"
"Pjanoo - Radio Edit","Eric Prydz","63","514282","68","2","spotify:track:0F2BxpbxH8Yc3pLub48hrb","0.605","0.874","0.0295","https://open.spotify.com/track/0F2BxpbxH8Yc3pLub48hrb","https://p.scdn.co/mp3-preview/47007fb4cdd23f23045e3abdc2593ad66759a0fc?cid=b161b04bc8624dbe92750da1368b73c0","https://open.spotify.com/artist/5sm0jQ1mq0dusiLtDJ2b4R","https://i.scdn.co/image/ab6761610000e5eb4170f1e4c72c0a9fc2eddc1d"
"Opus","Eric Prydz","63","514282","64","3","spotify:track:3v2oAQomhOcYCPPHafS3KV","0.275","0.721","0.0359","https://open.spotify.com/track/3v2oAQomhOcYCPPHafS3KV","nan","https://open.spotify.com/artist/5sm0jQ1mq0dusiLtDJ2b4R","https://i.scdn.co/image/ab6761610000e5eb4170f1e4c72c0a9fc2eddc1d"
"Consciousness - Eric Prydz Remix","Eric Prydz","63","514282","62","4","spotify:track:1i5XRu1L0x7gIg9UGKqizL","0.623","0.866","0.051","https://open.spotify.com/track/1i5XRu1L0x7gIg9UGKqizL","https://p.scdn.co/mp3-preview/7f80eb9878254e5808cbd3a9d880de8fa8a43eeb?cid=b161b04bc8624dbe92750da1368b73c0","https://open.spotify.com/artist/5sm0jQ1mq0dusiLtDJ2b4R","https://i.scdn.co/image/ab6761610000e5eb4170f1e4c72c0a9fc2eddc1d"
"We Are Mirage","Eric Prydz","63","514282","62","5","spotify:track:6mTnH6xSYwKohtsO9RFzcc","0.556","0.792","0.0361","https://open.spotify.com/track/6mTnH6xSYwKohtsO9RFzcc","nan","https://open.spotify.com/artist/5sm0jQ1mq0dusiLtDJ2b4R","https://i.scdn.co/image/ab6761610000e5eb4170f1e4c72c0a9fc2eddc1d"
"Call on Me","Eric Prydz","63","514282","58","6","spotify:track:1As4KC3YYpu89aBt7EqL2m","0.643","0.793","0.326","https://open.spotify.com/track/1As4KC3YYpu89aBt7EqL2m","https://p.scdn.co/mp3-preview/047cfe045128f77352864dd0872c2f1817f212ec?cid=b161b04bc8624dbe92750da1368b73c0","https://open.spotify.com/artist/5sm0jQ1mq0dusiLtDJ2b4R","https://i.scdn.co/image/ab6761610000e5eb4170f1e4c72c0a9fc2eddc1d"
"Generate - Radio Edit","Eric Prydz","63","514282","54","7","spotify:track:5LT8hO0Z9Y1nlCJ7nfuSJi","0.603","0.826","0.0274","https://open.spotify.com/track/5LT8hO0Z9Y1nlCJ7nfuSJi","nan","https://open.spotify.com/artist/5sm0jQ1mq0dusiLtDJ2b4R","https://i.scdn.co/image/ab6761610000e5eb4170f1e4c72c0a9fc2eddc1d"
"Proper Education - Radio Edit","Eric Prydz","63","514282","53","8","spotify:track:06Vw2ZOhalTwEw4PhoGRSX","0.537","0.937","0.0523","https://open.spotify.com/track/06Vw2ZOhalTwEw4PhoGRSX","https://p.scdn.co/mp3-preview/83c7bbedf31ed2f6681dee7ce4cba6049366343a?cid=b161b04bc8624dbe92750da1368b73c0","https://open.spotify.com/artist/5sm0jQ1mq0dusiLtDJ2b4R","https://i.scdn.co/image/ab6761610000e5eb4170f1e4c72c0a9fc2eddc1d"
"Every Day","Eric Prydz","63","514282","53","9","spotify:track:4j1hJwuawbvpm2q2orbgj7","0.477","0.728","0.0378","https://open.spotify.com/track/4j1hJwuawbvpm2q2orbgj7","nan","https://open.spotify.com/artist/5sm0jQ1mq0dusiLtDJ2b4R","https://i.scdn.co/image/ab6761610000e5eb4170f1e4c72c0a9fc2eddc1d"
"Pjanoo - Club Mix","Eric Prydz","63","514282","53","10","spotify:track:0noVd1VU93X8TEZMmpR3yN","0.663","0.624","0.0324","https://open.spotify.com/track/0noVd1VU93X8TEZMmpR3yN","https://p.scdn.co/mp3-preview/f1fade46c2b1153def524ab6ea9df03bc716bd99?cid=b161b04bc8624dbe92750da1368b73c0","https://open.spotify.com/artist/5sm0jQ1mq0dusiLtDJ2b4R","https://i.scdn.co/image/ab6761610000e5eb4170f1e4c72c0a9fc2eddc1d"
"Miss You","Ganja White Night","52","172969","57","1","spotify:track:2lxoIZS8tpFwbiJyrDYguI","0.392","0.472","0.0481","https://open.spotify.com/track/2lxoIZS8tpFwbiJyrDYguI","https://p.scdn.co/mp3-preview/e0c48c16491654bb9e68ff6254073c956f22f181?cid=b161b04bc8624dbe92750da1368b73c0","https://open.spotify.com/artist/1a6oIpEh4DGgaqgWg5xwd3","https://i.scdn.co/image/ab6761610000e5eb6a093f3ca0f5e122e964b590"
"Jungle Juice","Ganja White Night","52","172969","53","2","spotify:track:1VxQboO0KAsIm8MjSShBJv","0.645","0.662","0.0446","https://open.spotify.com/track/1VxQboO0KAsIm8MjSShBJv","https://p.scdn.co/mp3-preview/1837bc4fbd46db0b3ec9317a4fd26178a3e8d222?cid=b161b04bc8624dbe92750da1368b73c0","https://open.spotify.com/artist/1a6oIpEh4DGgaqgWg5xwd3","https://i.scdn.co/image/ab6761610000e5eb6a093f3ca0f5e122e964b590"
"Badman","Ganja White Night","52","172969","52","3","spotify:track:5RD6iZpOFkVuT3SW4eAHuZ","0.702","0.953","0.0393","https://open.spotify.com/track/5RD6iZpOFkVuT3SW4eAHuZ","https://p.scdn.co/mp3-preview/895719f0ee95945d3e05d655bad9260af7283c49?cid=b161b04bc8624dbe92750da1368b73c0","https://open.spotify.com/artist/1a6oIpEh4DGgaqgWg5xwd3","https://i.scdn.co/image/ab6761610000e5eb6a093f3ca0f5e122e964b590"
"Flava","Ganja White Night","52","172969","50","4","spotify:track:4OwCz4D1JvgPkNjyGrfSAH","0.681","0.849","0.0409","https://open.spotify.com/track/4OwCz4D1JvgPkNjyGrfSAH","https://p.scdn.co/mp3-preview/66f9dcd219452e42bf6297b8dbe29ba4129eb800?cid=b161b04bc8624dbe92750da1368b73c0","https://open.spotify.com/artist/1a6oIpEh4DGgaqgWg5xwd3","https://i.scdn.co/image/ab6761610000e5eb6a093f3ca0f5e122e964b590"
"Mitosis","Ganja White Night","52","172969","48","5","spotify:track:0zOqoAh2thAbmju80p850h","0.641","0.921","0.0308","https://open.spotify.com/track/0zOqoAh2thAbmju80p850h","https://p.scdn.co/mp3-preview/cd9156df76d013d203fb94e2625bc7b8ce3cd904?cid=b161b04bc8624dbe92750da1368b73c0","https://open.spotify.com/artist/1a6oIpEh4DGgaqgWg5xwd3","https://i.scdn.co/image/ab6761610000e5eb6a093f3ca0f5e122e964b590"
"Headband","Ganja White Night","52","172969","46","6","spotify:track:40dMUT9OmYUYgEO5OuWZCy","0.444","0.809","0.145","https://open.spotify.com/track/40dMUT9OmYUYgEO5OuWZCy","https://p.scdn.co/mp3-preview/9ce7367b852d1f660c52452442fd5a05218f084c?cid=b161b04bc8624dbe92750da1368b73c0","https://open.spotify.com/artist/1a6oIpEh4DGgaqgWg5xwd3","https://i.scdn.co/image/ab6761610000e5eb6a093f3ca0f5e122e964b590"
"Dark Heart Surgery","Ganja White Night","52","172969","46","7","spotify:track:2CyR5Pbv5QYWfXpJmyhaVF","0.846","0.743","0.0313","https://open.spotify.com/track/2CyR5Pbv5QYWfXpJmyhaVF","https://p.scdn.co/mp3-preview/92e5c6681cc990afdf394060f63e17f170a23087?cid=b161b04bc8624dbe92750da1368b73c0","https://open.spotify.com/artist/1a6oIpEh4DGgaqgWg5xwd3","https://i.scdn.co/image/ab6761610000e5eb6a093f3ca0f5e122e964b590"
"Champagne","Ganja White Night","52","172969","45","8","spotify:track:12meTNzgcD8Eup11KXEDR6","0.748","0.626","0.0732","https://open.spotify.com/track/12meTNzgcD8Eup11KXEDR6","https://p.scdn.co/mp3-preview/49f3f31dd80c1b56525957dbb8aba03d83033dc5?cid=b161b04bc8624dbe92750da1368b73c0","https://open.spotify.com/artist/1a6oIpEh4DGgaqgWg5xwd3","https://i.scdn.co/image/ab6761610000e5eb6a093f3ca0f5e122e964b590"
"Ease Your Mind","Ganja White Night","52","172969","45","9","spotify:track:0uwXneXFLt47MlgvoQDouq","0.693","0.76","0.0849","https://open.spotify.com/track/0uwXneXFLt47MlgvoQDouq","https://p.scdn.co/mp3-preview/56462a07f0b79bead89f111d7459746471425102?cid=b161b04bc8624dbe92750da1368b73c0","https://open.spotify.com/artist/1a6oIpEh4DGgaqgWg5xwd3","https://i.scdn.co/image/ab6761610000e5eb6a093f3ca0f5e122e964b590"
"Reminisce","Ganja White Night","52","172969","43","10","spotify:track:0WepSLA1uxKnNanBUC7x3U","0.889","0.599","0.0612","https://open.spotify.com/track/0WepSLA1uxKnNanBUC7x3U","https://p.scdn.co/mp3-preview/cfbae43c636c2377f37dc9c0acc78e9c182472cc?cid=b161b04bc8624dbe92750da1368b73c0","https://open.spotify.com/artist/1a6oIpEh4DGgaqgWg5xwd3","https://i.scdn.co/image/ab6761610000e5eb6a093f3ca0f5e122e964b590"
"Genesis","Grimes","68","1748133","66","1","spotify:track:3cjvqsvvU80g7WJPMVh8iq","0.611","0.677","0.034","https://open.spotify.com/track/3cjvqsvvU80g7WJPMVh8iq","https://p.scdn.co/mp3-preview/4fb4fd1559f0b613d2f1a16f8a3f0a13e099e3aa?cid=b161b04bc8624dbe92750da1368b73c0","https://open.spotify.com/artist/053q0ukIDRgzwTr4vNSwab","https://i.scdn.co/image/ab6761610000e5eb34771f759ca81a422f5f2b57"
"Oblivion","Grimes","68","1748133","67","2","spotify:track:3LGsgpx4TfxhXbr07OFKqs","0.697","0.529","0.0338","https://open.spotify.com/track/3LGsgpx4TfxhXbr07OFKqs","https://p.scdn.co/mp3-preview/5404cce8165d79e58d82e2294277f713ab01d252?cid=b161b04bc8624dbe92750da1368b73c0","https://open.spotify.com/artist/053q0ukIDRgzwTr4vNSwab","https://i.scdn.co/image/ab6761610000e5eb34771f759ca81a422f5f2b57"
"Shinigami Eyes","Grimes","68","1748133","65","3","spotify:track:0YQEWdfq3ajtNtK106Dr0k","0.632","0.691","0.0603","https://open.spotify.com/track/0YQEWdfq3ajtNtK106Dr0k","https://p.scdn.co/mp3-preview/49180a88ee719cbbea7ca04de0ddceb1d636ff82?cid=b161b04bc8624dbe92750da1368b73c0","https://open.spotify.com/artist/053q0ukIDRgzwTr4vNSwab","https://i.scdn.co/image/ab6761610000e5eb34771f759ca81a422f5f2b57"
"Kill V. Maim","Grimes","68","1748133","65","4","spotify:track:3WXhshrs1fzwF3rQE399Gq","0.578","0.947","0.0359","https://open.spotify.com/track/3WXhshrs1fzwF3rQE399Gq","https://p.scdn.co/mp3-preview/c1a8cea3d68726fdc4fa7f11298f57f1178f836c?cid=b161b04bc8624dbe92750da1368b73c0","https://open.spotify.com/artist/053q0ukIDRgzwTr4vNSwab","https://i.scdn.co/image/ab6761610000e5eb34771f759ca81a422f5f2b57"
"4ÆM","Grimes","68","1748133","60","5","spotify:track:4keclC0eBhQm8lFtYmX01K","0.482","0.905","0.0418","https://open.spotify.com/track/4keclC0eBhQm8lFtYmX01K","https://p.scdn.co/mp3-preview/3c31d1a08f7ac140623973c400acb4a1c565e69b?cid=b161b04bc8624dbe92750da1368b73c0","https://open.spotify.com/artist/053q0ukIDRgzwTr4vNSwab","https://i.scdn.co/image/ab6761610000e5eb34771f759ca81a422f5f2b57"
"Cry (feat. Grimes)","Grimes","68","1748133","60","6","spotify:track:1jR9XTpUeT6a82Yz4GNCCo","0.679","0.801","0.275","https://open.spotify.com/track/1jR9XTpUeT6a82Yz4GNCCo","https://p.scdn.co/mp3-preview/7b17351a9405b93ee040692350e6a937967cba51?cid=b161b04bc8624dbe92750da1368b73c0","https://open.spotify.com/artist/053q0ukIDRgzwTr4vNSwab","https://i.scdn.co/image/ab6761610000e5eb34771f759ca81a422f5f2b57"
"Violence - Original Mix","Grimes","68","1748133","59","7","spotify:track:3KeOFns3LGJuh1lapMm9eA","0.533","0.9","0.0495","https://open.spotify.com/track/3KeOFns3LGJuh1lapMm9eA","https://p.scdn.co/mp3-preview/a96e0ff7dd14d49fcc5c6946ee5ce4375a5daedd?cid=b161b04bc8624dbe92750da1368b73c0","https://open.spotify.com/artist/053q0ukIDRgzwTr4vNSwab","https://i.scdn.co/image/ab6761610000e5eb34771f759ca81a422f5f2b57"
"Player Of Games","Grimes","68","1748133","58","8","spotify:track:1aL6wkVeoR41DqDpVN7Gl2","0.54","0.925","0.0363","https://open.spotify.com/track/1aL6wkVeoR41DqDpVN7Gl2","https://p.scdn.co/mp3-preview/b09112a25ed794fdd214b2b512548c0c5d1ab1c8?cid=b161b04bc8624dbe92750da1368b73c0","https://open.spotify.com/artist/053q0ukIDRgzwTr4vNSwab","https://i.scdn.co/image/ab6761610000e5eb34771f759ca81a422f5f2b57"
"Delicate Weapon","Grimes","68","1748133","58","9","spotify:track:1hT3eaGzrcFriQtgGdvsZv","0.602","0.786","0.0279","https://open.spotify.com/track/1hT3eaGzrcFriQtgGdvsZv","https://p.scdn.co/mp3-preview/70776d0c513e74ccf1efb50eaa01aa8d9f0c497c?cid=b161b04bc8624dbe92750da1368b73c0","https://open.spotify.com/artist/053q0ukIDRgzwTr4vNSwab","https://i.scdn.co/image/ab6761610000e5eb34771f759ca81a422f5f2b57"
"Flesh without Blood","Grimes","68","1748133","57","10","spotify:track:62jc4VA6WPoANaL9Duu8db","0.481","0.965","0.0875","https://open.spotify.com/track/62jc4VA6WPoANaL9Duu8db","https://p.scdn.co/mp3-preview/8abb8830523109588a1725c7007b9f3fbc4b2134?cid=b161b04bc8624dbe92750da1368b73c0","https://open.spotify.com/artist/053q0ukIDRgzwTr4vNSwab","https://i.scdn.co/image/ab6761610000e5eb34771f759ca81a422f5f2b57"
"Woke Up in Love","Gryffin","73","850064","80","1","spotify:track:21H0pUV2uPIPcFnFhgTBjo","0.643","0.585","0.0369","https://open.spotify.com/track/21H0pUV2uPIPcFnFhgTBjo","https://p.scdn.co/mp3-preview/31a09058c06320301794edcc35f65ef9525e72bf?cid=b161b04bc8624dbe92750da1368b73c0","https://open.spotify.com/artist/2ZRQcIgzPCVaT9XKhXZIzh","https://i.scdn.co/image/ab6761610000e5eb0f3499f20d1792b93ea414e1"
"Caught Up (with Olivia O'Brien)","Gryffin","73","850064","70","2","spotify:track:0sPrs9vLFdRRTllqlwL4v1","0.704","0.822","0.0367","https://open.spotify.com/track/0sPrs9vLFdRRTllqlwL4v1","nan","https://open.spotify.com/artist/2ZRQcIgzPCVaT9XKhXZIzh","https://i.scdn.co/image/ab6761610000e5eb0f3499f20d1792b93ea414e1"
"You Were Loved (with OneRepublic)","Gryffin","73","850064","69","3","spotify:track:4W1JavoraGzh83nluQHY6C","0.636","0.69","0.0484","https://open.spotify.com/track/4W1JavoraGzh83nluQHY6C","nan","https://open.spotify.com/artist/2ZRQcIgzPCVaT9XKhXZIzh","https://i.scdn.co/image/ab6761610000e5eb0f3499f20d1792b93ea414e1"
"Best Is Yet To Come (with Kyle Reynolds)","Gryffin","73","850064","67","4","spotify:track:2gZwBmkSmsVfEPFWGuWTDk","0.569","0.85","0.0369","https://open.spotify.com/track/2gZwBmkSmsVfEPFWGuWTDk","nan","https://open.spotify.com/artist/2ZRQcIgzPCVaT9XKhXZIzh","https://i.scdn.co/image/ab6761610000e5eb0f3499f20d1792b93ea414e1"
"Tie Me Down (with Elley Duhé)","Gryffin","73","850064","67","5","spotify:track:2zh01m4PiHaZz4BAm0NRxs","0.608","0.845","0.0597","https://open.spotify.com/track/2zh01m4PiHaZz4BAm0NRxs","nan","https://open.spotify.com/artist/2ZRQcIgzPCVaT9XKhXZIzh","https://i.scdn.co/image/ab6761610000e5eb0f3499f20d1792b93ea414e1"
"Feel Good (feat. Daya)","Gryffin","73","850064","67","6","spotify:track:0Ev562zA4pmUsBqjxsxxdx","0.625","0.707","0.0337","https://open.spotify.com/track/0Ev562zA4pmUsBqjxsxxdx","nan","https://open.spotify.com/artist/2ZRQcIgzPCVaT9XKhXZIzh","https://i.scdn.co/image/ab6761610000e5eb0f3499f20d1792b93ea414e1"
"Safe With Me (with Audrey Mika)","Gryffin","73","850064","66","7","spotify:track:6Skh3CBum0pZw9TOr7FQnX","0.497","0.757","0.127","https://open.spotify.com/track/6Skh3CBum0pZw9TOr7FQnX","nan","https://open.spotify.com/artist/2ZRQcIgzPCVaT9XKhXZIzh","https://i.scdn.co/image/ab6761610000e5eb0f3499f20d1792b93ea414e1"
"After You (feat. Calle Lehmann)","Gryffin","73","850064","66","8","spotify:track:6DiogHhtwkVgUHUDUJVuXV","0.511","0.804","0.0433","https://open.spotify.com/track/6DiogHhtwkVgUHUDUJVuXV","nan","https://open.spotify.com/artist/2ZRQcIgzPCVaT9XKhXZIzh","https://i.scdn.co/image/ab6761610000e5eb0f3499f20d1792b93ea414e1"
"Desire - Gryffin Remix","Gryffin","73","850064","64","9","spotify:track:6JzCO4ZzxAXhY86vTcqM1Q","0.543","0.876","0.0512","https://open.spotify.com/track/6JzCO4ZzxAXhY86vTcqM1Q","nan","https://open.spotify.com/artist/2ZRQcIgzPCVaT9XKhXZIzh","https://i.scdn.co/image/ab6761610000e5eb0f3499f20d1792b93ea414e1"
"Body Back (feat. Maia Wright)","Gryffin","73","850064","62","10","spotify:track:57DJaoHdeeRrg7MWthNnee","0.687","0.832","0.0366","https://open.spotify.com/track/57DJaoHdeeRrg7MWthNnee","nan","https://open.spotify.com/artist/2ZRQcIgzPCVaT9XKhXZIzh","https://i.scdn.co/image/ab6761610000e5eb0f3499f20d1792b93ea414e1"
"I FEEL LIKE DANCING","Hardwell","65","3641612","47","1","spotify:track:7Kp5MeZp43S7G66KnrXVX1","0.554","0.966","0.106","https://open.spotify.com/track/7Kp5MeZp43S7G66KnrXVX1","https://p.scdn.co/mp3-preview/7a061a0e243916cebc192e7fae5ab5cd0000026e?cid=b161b04bc8624dbe92750da1368b73c0","https://open.spotify.com/artist/6BrvowZBreEkXzJQMpL174","https://i.scdn.co/image/ab6761610000e5eb1cbb1805834e1767a18a328b"
"Don't Let Me Down (feat. Daya) - Hardwell & Sephyx Remix","Hardwell","65","3641612","63","2","spotify:track:1JI70l1lE5IF2tgJm5TnMD","0.509","0.897","0.0454","https://open.spotify.com/track/1JI70l1lE5IF2tgJm5TnMD","https://p.scdn.co/mp3-preview/f357d2c306af49f7a09352f5a72991747ac039f3?cid=b161b04bc8624dbe92750da1368b73c0","https://open.spotify.com/artist/6BrvowZBreEkXzJQMpL174","https://i.scdn.co/image/ab6761610000e5eb1cbb1805834e1767a18a328b"
"Power","Hardwell","65","3641612","61","3","spotify:track:4CVOUJki8YUWol3jhLphgs","0.49","0.907","0.108","https://open.spotify.com/track/4CVOUJki8YUWol3jhLphgs","https://p.scdn.co/mp3-preview/8b781af1556da8bce95996b093ca4c493b48370f?cid=b161b04bc8624dbe92750da1368b73c0","https://open.spotify.com/artist/6BrvowZBreEkXzJQMpL174","https://i.scdn.co/image/ab6761610000e5eb1cbb1805834e1767a18a328b"
"REBELS NEVER DIE","Hardwell","65","3641612","60","4","spotify:track:2GHD6eBLzyupwqjvmYWrGZ","0.554","0.844","0.0471","https://open.spotify.com/track/2GHD6eBLzyupwqjvmYWrGZ","https://p.scdn.co/mp3-preview/b5ac5c21f491688942af9c54dcd818eae21a8e90?cid=b161b04bc8624dbe92750da1368b73c0","https://open.spotify.com/artist/6BrvowZBreEkXzJQMpL174","https://i.scdn.co/image/ab6761610000e5eb1cbb1805834e1767a18a328b"
"Bella Ciao","Hardwell","65","3641612","60","5","spotify:track:3M0NUo9eoV5otcWVIPNrwD","0.615","0.892","0.0472","https://open.spotify.com/track/3M0NUo9eoV5otcWVIPNrwD","https://p.scdn.co/mp3-preview/bbf5b0aa102b1582275b77cc2841f8af5fe89470?cid=b161b04bc8624dbe92750da1368b73c0","https://open.spotify.com/artist/6BrvowZBreEkXzJQMpL174","https://i.scdn.co/image/ab6761610000e5eb1cbb1805834e1767a18a328b"
"Live The Night","Hardwell","65","3641612","57","6","spotify:track:4GwXdVLueKZ8YhYjZmWtYh","0.805","0.968","0.227","https://open.spotify.com/track/4GwXdVLueKZ8YhYjZmWtYh","https://p.scdn.co/mp3-preview/c17756893881b9c812fb58216c73d4cf1263435c?cid=b161b04bc8624dbe92750da1368b73c0","https://open.spotify.com/artist/6BrvowZBreEkXzJQMpL174","https://i.scdn.co/image/ab6761610000e5eb1cbb1805834e1767a18a328b"
"PACMAN","Hardwell","65","3641612","44","7","spotify:track:2kDtXQqhLnPZDm6ZnB9CnD","0.588","0.872","0.0892","https://open.spotify.com/track/2kDtXQqhLnPZDm6ZnB9CnD","https://p.scdn.co/mp3-preview/c0c2f2c423bfa525b0f437d120e286d76e5fd51d?cid=b161b04bc8624dbe92750da1368b73c0","https://open.spotify.com/artist/6BrvowZBreEkXzJQMpL174","https://i.scdn.co/image/ab6761610000e5eb1cbb1805834e1767a18a328b"
"Unity","Hardwell","65","3641612","56","8","spotify:track:02q7qbOYbE89NMFEtOklcc","0.65","0.912","0.0406","https://open.spotify.com/track/02q7qbOYbE89NMFEtOklcc","https://p.scdn.co/mp3-preview/c884497f760ca31bbfa88f79ad9ea90b8d0fb6d8?cid=b161b04bc8624dbe92750da1368b73c0","https://open.spotify.com/artist/6BrvowZBreEkXzJQMpL174","https://i.scdn.co/image/ab6761610000e5eb1cbb1805834e1767a18a328b"
"Ping Pong - Hardwell Remix","Hardwell","65","3641612","55","9","spotify:track:1NM2NUzlN9SY8z5k4ZfRJB","0.575","0.985","0.0747","https://open.spotify.com/track/1NM2NUzlN9SY8z5k4ZfRJB","https://p.scdn.co/mp3-preview/ec2ae84abf9791ab16bbd1b5d6e6008e0235c4f1?cid=b161b04bc8624dbe92750da1368b73c0","https://open.spotify.com/artist/6BrvowZBreEkXzJQMpL174","https://i.scdn.co/image/ab6761610000e5eb1cbb1805834e1767a18a328b"
"Call Me A Spaceman","Hardwell","65","3641612","55","10","spotify:track:5NYejXf1mwigePilCGLjdM","0.582","0.878","0.0487","https://open.spotify.com/track/5NYejXf1mwigePilCGLjdM","https://p.scdn.co/mp3-preview/1969e391480fbf0b8affe4a908cbc7c7f1e1b1a1?cid=b161b04bc8624dbe92750da1368b73c0","https://open.spotify.com/artist/6BrvowZBreEkXzJQMpL174","https://i.scdn.co/image/ab6761610000e5eb1cbb1805834e1767a18a328b"
"Mercury","HI-LO","53","93647","61","1","spotify:track:25dFcH5EsCJLMSmFDDJLT3","0.78","0.986","0.0594","https://open.spotify.com/track/25dFcH5EsCJLMSmFDDJLT3","https://p.scdn.co/mp3-preview/1f5eba3515fc5c4cae8c95c19a654beca5cbaa26?cid=b161b04bc8624dbe92750da1368b73c0","https://open.spotify.com/artist/0ETJQforv5OXgDgidQv9qd","https://i.scdn.co/image/ab6761610000e5ebcee646ba7aff64ce01c83329"
"Kronos - Original Mix","HI-LO","53","93647","57","2","spotify:track:6eiEPJ16dOxe0hME3NWxfP","0.683","0.853","0.0335","https://open.spotify.com/track/6eiEPJ16dOxe0hME3NWxfP","https://p.scdn.co/mp3-preview/7b31f52510040bcac165920e616bce2b382c39f3?cid=b161b04bc8624dbe92750da1368b73c0","https://open.spotify.com/artist/0ETJQforv5OXgDgidQv9qd","https://i.scdn.co/image/ab6761610000e5ebcee646ba7aff64ce01c83329"
"Flying Octopus","HI-LO","53","93647","57","3","spotify:track:2XWBbVold8LNroIDyeockI","0.643","0.968","0.0644","https://open.spotify.com/track/2XWBbVold8LNroIDyeockI","https://p.scdn.co/mp3-preview/1c3a5a77cf31139f849cfe6878c0867b0a2ed0fb?cid=b161b04bc8624dbe92750da1368b73c0","https://open.spotify.com/artist/0ETJQforv5OXgDgidQv9qd","https://i.scdn.co/image/ab6761610000e5ebcee646ba7aff64ce01c83329"
"String Theory","HI-LO","53","93647","52","4","spotify:track:50mVZbBcr6rYdt45OEPYlN","0.654","0.968","0.109","https://open.spotify.com/track/50mVZbBcr6rYdt45OEPYlN","https://p.scdn.co/mp3-preview/8fc9a035e9937f79bdb6a5eb7a255b462867fb5f?cid=b161b04bc8624dbe92750da1368b73c0","https://open.spotify.com/artist/0ETJQforv5OXgDgidQv9qd","https://i.scdn.co/image/ab6761610000e5ebcee646ba7aff64ce01c83329"
"Skyscrapers - Hi-Lo Remix","HI-LO","53","93647","52","5","spotify:track:2g95XDCx4GqcaJPv7TTk8C","0.741","0.828","0.042","https://open.spotify.com/track/2g95XDCx4GqcaJPv7TTk8C","https://p.scdn.co/mp3-preview/6ff1519b5b4bb2a1659bcb369a3754a6bcb408cc?cid=b161b04bc8624dbe92750da1368b73c0","https://open.spotify.com/artist/0ETJQforv5OXgDgidQv9qd","https://i.scdn.co/image/ab6761610000e5ebcee646ba7aff64ce01c83329"
"Industria","HI-LO","53","93647","50","6","spotify:track:6Kv4u43WIqxp6eBTXaaCiM","0.688","0.907","0.0463","https://open.spotify.com/track/6Kv4u43WIqxp6eBTXaaCiM","https://p.scdn.co/mp3-preview/392ea91df1a08466dc6f6313a2806390c8b7628c?cid=b161b04bc8624dbe92750da1368b73c0","https://open.spotify.com/artist/0ETJQforv5OXgDgidQv9qd","https://i.scdn.co/image/ab6761610000e5ebcee646ba7aff64ce01c83329"
"Saw of Olympus","HI-LO","53","93647","50","7","spotify:track:0VnV4QbuGplPbXsFBJpX8y","0.732","0.933","0.116","https://open.spotify.com/track/0VnV4QbuGplPbXsFBJpX8y","https://p.scdn.co/mp3-preview/3a1c262a73b892173b9223460214b6e9fe12f399?cid=b161b04bc8624dbe92750da1368b73c0","https://open.spotify.com/artist/0ETJQforv5OXgDgidQv9qd","https://i.scdn.co/image/ab6761610000e5ebcee646ba7aff64ce01c83329"
"Hypnos","HI-LO","53","93647","46","8","spotify:track:347YMNFo0pJ43u0joTb8ww","0.732","0.869","0.0443","https://open.spotify.com/track/347YMNFo0pJ43u0joTb8ww","https://p.scdn.co/mp3-preview/7b174b27fb3c4c65c01c9b60b5275635042dd319?cid=b161b04bc8624dbe92750da1368b73c0","https://open.spotify.com/artist/0ETJQforv5OXgDgidQv9qd","https://i.scdn.co/image/ab6761610000e5ebcee646ba7aff64ce01c83329"
"Balearic Mornings","HI-LO","53","93647","46","9","spotify:track:3TQj0vUT4FDIkIDqhTFPxd","0.594","0.873","0.0307","https://open.spotify.com/track/3TQj0vUT4FDIkIDqhTFPxd","https://p.scdn.co/mp3-preview/ec2accc02a605e3a7bf88865b3de11983b62f5a0?cid=b161b04bc8624dbe92750da1368b73c0","https://open.spotify.com/artist/0ETJQforv5OXgDgidQv9qd","https://i.scdn.co/image/ab6761610000e5ebcee646ba7aff64ce01c83329"
"Renegade Mastah","HI-LO","53","93647","46","10","spotify:track:59RSFDVkDSqpGvQKq9GeSR","0.736","0.892","0.0697","https://open.spotify.com/track/59RSFDVkDSqpGvQKq9GeSR","https://p.scdn.co/mp3-preview/b24b827f506b6bd235f43d1a10a4eb400d00e6cf?cid=b161b04bc8624dbe92750da1368b73c0","https://open.spotify.com/artist/0ETJQforv5OXgDgidQv9qd","https://i.scdn.co/image/ab6761610000e5ebcee646ba7aff64ce01c83329"
"Suffocate","Kayzo","56","189499","57","1","spotify:track:6wUK8WB3cbNUAAGjNmKy3M","0.638","0.961","0.3","https://open.spotify.com/track/6wUK8WB3cbNUAAGjNmKy3M","https://p.scdn.co/mp3-preview/590c81806cb3735673af254fff48fb8cb013e513?cid=b161b04bc8624dbe92750da1368b73c0","https://open.spotify.com/artist/72iCiKwu6nu6Qq9emIwzYv","https://i.scdn.co/image/ab6761610000e5eb54807cfe114cf244435170a3"
"Battle Drums","Kayzo","56","189499","55","2","spotify:track:30XZElqGTzvdg6clMAMcEp","0.524","0.966","0.452","https://open.spotify.com/track/30XZElqGTzvdg6clMAMcEp","https://p.scdn.co/mp3-preview/779412c0dc9da74dd8fb8a8d5d3314f1259303f1?cid=b161b04bc8624dbe92750da1368b73c0","https://open.spotify.com/artist/72iCiKwu6nu6Qq9emIwzYv","https://i.scdn.co/image/ab6761610000e5eb54807cfe114cf244435170a3"
"Last Resort - The Rework","Kayzo","56","189499","54","3","spotify:track:7poA10I15kvSUH6m44fQkS","0.552","0.962","0.237","https://open.spotify.com/track/7poA10I15kvSUH6m44fQkS","nan","https://open.spotify.com/artist/72iCiKwu6nu6Qq9emIwzYv","https://i.scdn.co/image/ab6761610000e5eb54807cfe114cf244435170a3"
"Alone - Sullivan King Remix","Kayzo","56","189499","54","4","spotify:track:1Q3tV9YnDJTY6SbCfZKXZz","0.401","0.963","0.0826","https://open.spotify.com/track/1Q3tV9YnDJTY6SbCfZKXZz","https://p.scdn.co/mp3-preview/1fcd62333fc2fa657aeacde14178e277293cd8c9?cid=b161b04bc8624dbe92750da1368b73c0","https://open.spotify.com/artist/72iCiKwu6nu6Qq9emIwzYv","https://i.scdn.co/image/ab6761610000e5eb54807cfe114cf244435170a3"
"DOMINATION","Kayzo","56","189499","53","5","spotify:track:3Co9QY7WBNKoS44Nsk93r6","0.506","0.993","0.207","https://open.spotify.com/track/3Co9QY7WBNKoS44Nsk93r6","https://p.scdn.co/mp3-preview/a0d90640dec8f14f8ef393e442dea261aef34a01?cid=b161b04bc8624dbe92750da1368b73c0","https://open.spotify.com/artist/72iCiKwu6nu6Qq9emIwzYv","https://i.scdn.co/image/ab6761610000e5eb54807cfe114cf244435170a3"
"Wake Up","Kayzo","56","189499","52","6","spotify:track:1DegLHuaZdLmOvhUgsNV9I","0.624","0.939","0.071","https://open.spotify.com/track/1DegLHuaZdLmOvhUgsNV9I","https://p.scdn.co/mp3-preview/6d995c796bf30ac63c6478ef645e7f29607923ac?cid=b161b04bc8624dbe92750da1368b73c0","https://open.spotify.com/artist/72iCiKwu6nu6Qq9emIwzYv","https://i.scdn.co/image/ab6761610000e5eb54807cfe114cf244435170a3"
"Liar (with OST)","Kayzo","56","189499","52","7","spotify:track:3dApO0DoZinSPrKKPhoKuz","0.49","0.964","0.31","https://open.spotify.com/track/3dApO0DoZinSPrKKPhoKuz","https://p.scdn.co/mp3-preview/260398612197911c76623f1c15fd187fd440488b?cid=b161b04bc8624dbe92750da1368b73c0","https://open.spotify.com/artist/72iCiKwu6nu6Qq9emIwzYv","https://i.scdn.co/image/ab6761610000e5eb54807cfe114cf244435170a3"
"Braincase","Kayzo","56","189499","50","8","spotify:track:3AawFHorBGEDdM9ngI8ofa","0.813","0.8","0.335","https://open.spotify.com/track/3AawFHorBGEDdM9ngI8ofa","https://p.scdn.co/mp3-preview/d31b72ae838d29ef6bd3e0a53452dbacf13175be?cid=b161b04bc8624dbe92750da1368b73c0","https://open.spotify.com/artist/72iCiKwu6nu6Qq9emIwzYv","https://i.scdn.co/image/ab6761610000e5eb54807cfe114cf244435170a3"
"This Time","Kayzo","56","189499","49","9","spotify:track:159xvbYorYT12WDpHe8bD3","0.583","0.946","0.114","https://open.spotify.com/track/159xvbYorYT12WDpHe8bD3","https://p.scdn.co/mp3-preview/169e1d47b46a884924c630fdfc2713a18e7a9b0d?cid=b161b04bc8624dbe92750da1368b73c0","https://open.spotify.com/artist/72iCiKwu6nu6Qq9emIwzYv","https://i.scdn.co/image/ab6761610000e5eb54807cfe114cf244435170a3"
"Lifeline","Kayzo","56","189499","49","10","spotify:track:2GxBmvhUHMz9nwEcBzpFBK","0.442","0.958","0.0848","https://open.spotify.com/track/2GxBmvhUHMz9nwEcBzpFBK","https://p.scdn.co/mp3-preview/8b8e97cfae5be93cef99c3217e57f1ebe2fb4e2b?cid=b161b04bc8624dbe92750da1368b73c0","https://open.spotify.com/artist/72iCiKwu6nu6Qq9emIwzYv","https://i.scdn.co/image/ab6761610000e5eb54807cfe114cf244435170a3"
"Escape (feat. Hayla)","Kx5","59","24752","73","1","spotify:track:10oKSzRcwbZsog2uq2gb4b","0.66","0.799","0.0719","https://open.spotify.com/track/10oKSzRcwbZsog2uq2gb4b","https://p.scdn.co/mp3-preview/c89fadc45fa374c90186e2ded19c1e8e796b24eb?cid=b161b04bc8624dbe92750da1368b73c0","https://open.spotify.com/artist/2avRYQUWQpIkzJOEkf0MdY","https://i.scdn.co/image/ab6761610000e5eb16bc0e61912361e0880f17a2"
"Take Me High","Kx5","59","24752","65","2","spotify:track:4gjN40eaGDu02UhcIB0mVi","0.713","0.77","0.0417","https://open.spotify.com/track/4gjN40eaGDu02UhcIB0mVi","https://p.scdn.co/mp3-preview/90cb3e24dced09341e1d2b42a79a5b888a69940d?cid=b161b04bc8624dbe92750da1368b73c0","https://open.spotify.com/artist/2avRYQUWQpIkzJOEkf0MdY","https://i.scdn.co/image/ab6761610000e5eb16bc0e61912361e0880f17a2"
"Escape - LP Giobbi Remix","Kx5","59","24752","48","3","spotify:track:061RkW1qOnKY04hRiMGbi2","0.736","0.595","0.0485","https://open.spotify.com/track/061RkW1qOnKY04hRiMGbi2","https://p.scdn.co/mp3-preview/072c1e0657c26e682358e7a27ffba7ed558cd012?cid=b161b04bc8624dbe92750da1368b73c0","https://open.spotify.com/artist/2avRYQUWQpIkzJOEkf0MdY","https://i.scdn.co/image/ab6761610000e5eb16bc0e61912361e0880f17a2"
"Escape - John Summit Remix","Kx5","59","24752","38","4","spotify:track:3IUvEnk77AzDT9LtbMoPSN","0.629","0.839","0.0348","https://open.spotify.com/track/3IUvEnk77AzDT9LtbMoPSN","https://p.scdn.co/mp3-preview/fd474106f6972117638acfa00fb8934ecc665d65?cid=b161b04bc8624dbe92750da1368b73c0","https://open.spotify.com/artist/2avRYQUWQpIkzJOEkf0MdY","https://i.scdn.co/image/ab6761610000e5eb16bc0e61912361e0880f17a2"
"Escape - LöKii Remix","Kx5","59","24752","34","5","spotify:track:0MqiFWKvraFfIpGBg59KEP","0.517","0.914","0.0999","https://open.spotify.com/track/0MqiFWKvraFfIpGBg59KEP","https://p.scdn.co/mp3-preview/ca6c67c13099703ed2f511f35028d3d0aea45abb?cid=b161b04bc8624dbe92750da1368b73c0","https://open.spotify.com/artist/2avRYQUWQpIkzJOEkf0MdY","https://i.scdn.co/image/ab6761610000e5eb16bc0e61912361e0880f17a2"
"Escape - Subtronics Remix","Kx5","59","24752","33","6","spotify:track:6wyJOTPxUz5Se6O8t0TmTS","0.562","0.837","0.0843","https://open.spotify.com/track/6wyJOTPxUz5Se6O8t0TmTS","https://p.scdn.co/mp3-preview/d3d1839f28cecac0c9de4df60cbfb0b5e853fd8c?cid=b161b04bc8624dbe92750da1368b73c0","https://open.spotify.com/artist/2avRYQUWQpIkzJOEkf0MdY","https://i.scdn.co/image/ab6761610000e5eb16bc0e61912361e0880f17a2"
"Escape - Spencer Brown Remix","Kx5","59","24752","29","7","spotify:track:4fz6cRdlvYoe9aZk1xr3eV","0.726","0.721","0.0676","https://open.spotify.com/track/4fz6cRdlvYoe9aZk1xr3eV","https://p.scdn.co/mp3-preview/0363475c8bf5f21184fdeb17b94d8290bbc63b7a?cid=b161b04bc8624dbe92750da1368b73c0","https://open.spotify.com/artist/2avRYQUWQpIkzJOEkf0MdY","https://i.scdn.co/image/ab6761610000e5eb16bc0e61912361e0880f17a2"
"In the Name of Love","Martin Garrix","76","15618134","78","1","spotify:track:23L5CiUhw2jV1OIMwthR3S","0.501","0.519","0.0409","https://open.spotify.com/track/23L5CiUhw2jV1OIMwthR3S","https://p.scdn.co/mp3-preview/2f73f6b6902c3dd320bd4419b3f380a9e505be7f?cid=b161b04bc8624dbe92750da1368b73c0","https://open.spotify.com/artist/60d24wfXkVzDSfLS6hyCjZ","https://i.scdn.co/image/ab6761610000e5eb66d17ee8690d2e8d94ee7387"
"Scared to Be Lonely","Martin Garrix","76","15618134","78","2","spotify:track:3ebXMykcMXOcLeJ9xZ17XH","0.584","0.54","0.0576","https://open.spotify.com/track/3ebXMykcMXOcLeJ9xZ17XH","https://p.scdn.co/mp3-preview/4fb9da5d40ab10b818012f0d633c4dec05dca585?cid=b161b04bc8624dbe92750da1368b73c0","https://open.spotify.com/artist/60d24wfXkVzDSfLS6hyCjZ","https://i.scdn.co/image/ab6761610000e5eb66d17ee8690d2e8d94ee7387"
"Summer Days (feat. Macklemore & Patrick Stump of Fall Out Boy)","Martin Garrix","76","15618134","75","3","spotify:track:7Feaw9WAEREY0DUOSXJLOM","0.661","0.723","0.0566","https://open.spotify.com/track/7Feaw9WAEREY0DUOSXJLOM","https://p.scdn.co/mp3-preview/241c96f1839d774cd5cc064375d1687b9d469e01?cid=b161b04bc8624dbe92750da1368b73c0","https://open.spotify.com/artist/60d24wfXkVzDSfLS6hyCjZ","https://i.scdn.co/image/ab6761610000e5eb66d17ee8690d2e8d94ee7387"
"High On Life (feat. Bonn)","Martin Garrix","76","15618134","71","4","spotify:track:4ut5G4rgB1ClpMTMfjoIuy","0.414","0.486","0.0311","https://open.spotify.com/track/4ut5G4rgB1ClpMTMfjoIuy","https://p.scdn.co/mp3-preview/b4ca0dc2f6aa880784c9f66b68c9c3a74d79d137?cid=b161b04bc8624dbe92750da1368b73c0","https://open.spotify.com/artist/60d24wfXkVzDSfLS6hyCjZ","https://i.scdn.co/image/ab6761610000e5eb66d17ee8690d2e8d94ee7387"
"Pressure (feat. Tove Lo)","Martin Garrix","76","15618134","70","5","spotify:track:4ga4WvRNhMsIL38pkBbnIN","0.859","0.558","0.0902","https://open.spotify.com/track/4ga4WvRNhMsIL38pkBbnIN","https://p.scdn.co/mp3-preview/236d8efa51c959e4f52789d6fbcdaf4e8f57866f?cid=b161b04bc8624dbe92750da1368b73c0","https://open.spotify.com/artist/60d24wfXkVzDSfLS6hyCjZ","https://i.scdn.co/image/ab6761610000e5eb66d17ee8690d2e8d94ee7387"
"Ocean (feat. Khalid)","Martin Garrix","76","15618134","69","6","spotify:track:3nc420PXjTdBV5TN0gCFkS","0.506","0.693","0.0412","https://open.spotify.com/track/3nc420PXjTdBV5TN0gCFkS","https://p.scdn.co/mp3-preview/7b3212db10b49e47c4909cc203ca220a8702f77d?cid=b161b04bc8624dbe92750da1368b73c0","https://open.spotify.com/artist/60d24wfXkVzDSfLS6hyCjZ","https://i.scdn.co/image/ab6761610000e5eb66d17ee8690d2e8d94ee7387"
"There for You","Martin Garrix","76","15618134","69","7","spotify:track:6jA8HL9i4QGzsj6fjoxp8Y","0.611","0.644","0.0553","https://open.spotify.com/track/6jA8HL9i4QGzsj6fjoxp8Y","https://p.scdn.co/mp3-preview/ffc5716a378c92954accb916cd427f7f9c02c367?cid=b161b04bc8624dbe92750da1368b73c0","https://open.spotify.com/artist/60d24wfXkVzDSfLS6hyCjZ","https://i.scdn.co/image/ab6761610000e5eb66d17ee8690d2e8d94ee7387"
"Drown (feat. Clinton Kane)","Martin Garrix","76","15618134","69","8","spotify:track:4RVtBlHFKj51Ipvpfv5ER4","0.573","0.739","0.0581","https://open.spotify.com/track/4RVtBlHFKj51Ipvpfv5ER4","https://p.scdn.co/mp3-preview/94949475cdb952d48ad197b9ca83187a79167c98?cid=b161b04bc8624dbe92750da1368b73c0","https://open.spotify.com/artist/60d24wfXkVzDSfLS6hyCjZ","https://i.scdn.co/image/ab6761610000e5eb66d17ee8690d2e8d94ee7387"
"Follow","Martin Garrix","76","15618134","57","9","spotify:track:4xFcQGVBVakReaL0OOJiP6","0.588","0.78","0.0432","https://open.spotify.com/track/4xFcQGVBVakReaL0OOJiP6","https://p.scdn.co/mp3-preview/7fc88ed0627d302a1f1523b1282573a008121bed?cid=b161b04bc8624dbe92750da1368b73c0","https://open.spotify.com/artist/60d24wfXkVzDSfLS6hyCjZ","https://i.scdn.co/image/ab6761610000e5eb66d17ee8690d2e8d94ee7387"
"Loop","Martin Garrix","76","15618134","68","10","spotify:track:0lqgo6rIBS0nVsvppZC3Ay","0.693","0.725","0.0439","https://open.spotify.com/track/0lqgo6rIBS0nVsvppZC3Ay","nan","https://open.spotify.com/artist/60d24wfXkVzDSfLS6hyCjZ","https://i.scdn.co/image/ab6761610000e5eb66d17ee8690d2e8d94ee7387"
"FEELING GUD","NGHTMRE","63","432936","64","1","spotify:track:0suLmBuEbatdochI4tHduq","0.484","0.94","0.257","https://open.spotify.com/track/0suLmBuEbatdochI4tHduq","https://p.scdn.co/mp3-preview/499393fad05685b1a26d067844534b6ec00fddbb?cid=b161b04bc8624dbe92750da1368b73c0","https://open.spotify.com/artist/76M2Ekj8bG8W7X2nbx2CpF","https://i.scdn.co/image/ab6761610000e5eb466d14e7d8546d3b51368157"
"Nothing's Perfect","NGHTMRE","63","432936","52","2","spotify:track:6gfi3T4K9MqNi7yxKnpNaZ","0.416","0.786","0.0463","https://open.spotify.com/track/6gfi3T4K9MqNi7yxKnpNaZ","https://p.scdn.co/mp3-preview/5a22853390df5be58a7c5eb81091e599d86eafc7?cid=b161b04bc8624dbe92750da1368b73c0","https://open.spotify.com/artist/76M2Ekj8bG8W7X2nbx2CpF","https://i.scdn.co/image/ab6761610000e5eb466d14e7d8546d3b51368157"
"GUD VIBRATIONS","NGHTMRE","63","432936","58","3","spotify:track:2BVUOGciUUUqOPSLtHwLGp","0.514","0.924","0.052","https://open.spotify.com/track/2BVUOGciUUUqOPSLtHwLGp","https://p.scdn.co/mp3-preview/bdac9b11de013eb3406ef856450b1d3d3489e21f?cid=b161b04bc8624dbe92750da1368b73c0","https://open.spotify.com/artist/76M2Ekj8bG8W7X2nbx2CpF","https://i.scdn.co/image/ab6761610000e5eb466d14e7d8546d3b51368157"
"TTM (feat. Wiz Khalifa & NGHTMRE)","NGHTMRE","63","432936","57","4","spotify:track:2lH43POZa4XHxydnZizET5","0.786","0.82","0.0587","https://open.spotify.com/track/2lH43POZa4XHxydnZizET5","https://p.scdn.co/mp3-preview/6aac5d19a2f1a0c1d283e0ec73cb9e2c5aac75ad?cid=b161b04bc8624dbe92750da1368b73c0","https://open.spotify.com/artist/76M2Ekj8bG8W7X2nbx2CpF","https://i.scdn.co/image/ab6761610000e5eb466d14e7d8546d3b51368157"
"Trials","NGHTMRE","63","432936","44","5","spotify:track:4YPHrO0jB8nJCrcSckSwie","0.568","0.919","0.0755","https://open.spotify.com/track/4YPHrO0jB8nJCrcSckSwie","https://p.scdn.co/mp3-preview/4936b7b49debf596e0bf4f0113f963542d0f5c44?cid=b161b04bc8624dbe92750da1368b73c0","https://open.spotify.com/artist/76M2Ekj8bG8W7X2nbx2CpF","https://i.scdn.co/image/ab6761610000e5eb466d14e7d8546d3b51368157"
"Fall Into Me","NGHTMRE","63","432936","57","6","spotify:track:1iA7DyrJbukpd4X2EcT9Xd","0.47","0.849","0.0657","https://open.spotify.com/track/1iA7DyrJbukpd4X2EcT9Xd","https://p.scdn.co/mp3-preview/b96b8fb73cbc27f2b4c7e8c38027b4075e33ab97?cid=b161b04bc8624dbe92750da1368b73c0","https://open.spotify.com/artist/76M2Ekj8bG8W7X2nbx2CpF","https://i.scdn.co/image/ab6761610000e5eb466d14e7d8546d3b51368157"
"Limelight (NGHTMRE Remix)","NGHTMRE","63","432936","56","7","spotify:track:3mof6Z6vz6gonsuIEQXank","0.574","0.576","0.0446","https://open.spotify.com/track/3mof6Z6vz6gonsuIEQXank","https://p.scdn.co/mp3-preview/4f4c67050f6a72a22aac78d3486f569b367fcd0a?cid=b161b04bc8624dbe92750da1368b73c0","https://open.spotify.com/artist/76M2Ekj8bG8W7X2nbx2CpF","https://i.scdn.co/image/ab6761610000e5eb466d14e7d8546d3b51368157"
"Sweetest Thing","NGHTMRE","63","432936","55","8","spotify:track:4BCda1bJa57fTMB2laaOeX","0.544","0.591","0.0407","https://open.spotify.com/track/4BCda1bJa57fTMB2laaOeX","https://p.scdn.co/mp3-preview/d6c4dfd07dcab1d55033679998787a4bafd970c7?cid=b161b04bc8624dbe92750da1368b73c0","https://open.spotify.com/artist/76M2Ekj8bG8W7X2nbx2CpF","https://i.scdn.co/image/ab6761610000e5eb466d14e7d8546d3b51368157"
"The One - NGHTMRE Remix","NGHTMRE","63","432936","54","9","spotify:track:0z6BBM8lek2dzvnuIOX1Wx","0.504","0.945","0.175","https://open.spotify.com/track/0z6BBM8lek2dzvnuIOX1Wx","https://p.scdn.co/mp3-preview/8b0b70e5cc68a33d919547717e86d09e5082bee4?cid=b161b04bc8624dbe92750da1368b73c0","https://open.spotify.com/artist/76M2Ekj8bG8W7X2nbx2CpF","https://i.scdn.co/image/ab6761610000e5eb466d14e7d8546d3b51368157"
"CASH COW","NGHTMRE","63","432936","54","10","spotify:track:56yyecUavZFNRc9W5t0P8O","0.733","0.722","0.0842","https://open.spotify.com/track/56yyecUavZFNRc9W5t0P8O","https://p.scdn.co/mp3-preview/7307bad4536dbec32cac31635194512a18497b75?cid=b161b04bc8624dbe92750da1368b73c0","https://open.spotify.com/artist/76M2Ekj8bG8W7X2nbx2CpF","https://i.scdn.co/image/ab6761610000e5eb466d14e7d8546d3b51368157"
"I Was Made For Lovin' You (feat. Nile Rodgers & House Gospel Choir)","Oliver Heldens","69","964995","74","1","spotify:track:2LxdNADWier3MKTei8FbOY","0.686","0.892","0.0498","https://open.spotify.com/track/2LxdNADWier3MKTei8FbOY","https://p.scdn.co/mp3-preview/ddafc503166d7a3478146b5cfde62ee4112c4485?cid=b161b04bc8624dbe92750da1368b73c0","https://open.spotify.com/artist/5nki7yRhxgM509M5ADlN1p","https://i.scdn.co/image/ab6761610000e5eb7ac8d51e0117b2e331aa38aa"
"Turn Me On (feat. Vula)","Oliver Heldens","69","964995","73","2","spotify:track:0qaWEvPkts34WF68r8Dzx9","0.737","0.828","0.0396","https://open.spotify.com/track/0qaWEvPkts34WF68r8Dzx9","https://p.scdn.co/mp3-preview/2e2901431547d1f3701caa98e6dfb90916a07784?cid=b161b04bc8624dbe92750da1368b73c0","https://open.spotify.com/artist/5nki7yRhxgM509M5ADlN1p","https://i.scdn.co/image/ab6761610000e5eb7ac8d51e0117b2e331aa38aa"
"Gecko (Overdrive) - Radio Edit","Oliver Heldens","69","964995","68","3","spotify:track:483XiZ5o13Cc1zoWV7jGml","0.609","0.885","0.0642","https://open.spotify.com/track/483XiZ5o13Cc1zoWV7jGml","https://p.scdn.co/mp3-preview/7158f5ef575bd04a4f804eba09fc96881515acd9?cid=b161b04bc8624dbe92750da1368b73c0","https://open.spotify.com/artist/5nki7yRhxgM509M5ADlN1p","https://i.scdn.co/image/ab6761610000e5eb7ac8d51e0117b2e331aa38aa"
"Ferrari - Oliver Heldens Remix","Oliver Heldens","69","964995","67","4","spotify:track:0oCNRAmwLo4zHDpCKpjQtI","0.73","0.903","0.0427","https://open.spotify.com/track/0oCNRAmwLo4zHDpCKpjQtI","nan","https://open.spotify.com/artist/5nki7yRhxgM509M5ADlN1p","https://i.scdn.co/image/ab6761610000e5eb7ac8d51e0117b2e331aa38aa"
"We Don’t Need","Oliver Heldens","69","964995","62","5","spotify:track:5URyPutSQvq9tTbBYybv5n","0.739","0.858","0.0413","https://open.spotify.com/track/5URyPutSQvq9tTbBYybv5n","https://p.scdn.co/mp3-preview/8eefdc2710e9ec549226eae557aeccdfbef393e8?cid=b161b04bc8624dbe92750da1368b73c0","https://open.spotify.com/artist/5nki7yRhxgM509M5ADlN1p","https://i.scdn.co/image/ab6761610000e5eb7ac8d51e0117b2e331aa38aa"
"LOW","Oliver Heldens","69","964995","61","6","spotify:track:4Ko0kuCmsJW0HMKkQM7Xw8","0.678","0.807","0.0383","https://open.spotify.com/track/4Ko0kuCmsJW0HMKkQM7Xw8","https://p.scdn.co/mp3-preview/083a7cec39d54a11b5b213bbbb24758bc6d7965c?cid=b161b04bc8624dbe92750da1368b73c0","https://open.spotify.com/artist/5nki7yRhxgM509M5ADlN1p","https://i.scdn.co/image/ab6761610000e5eb7ac8d51e0117b2e331aa38aa"
"Mercury","Oliver Heldens","69","964995","61","7","spotify:track:25dFcH5EsCJLMSmFDDJLT3","0.78","0.986","0.0594","https://open.spotify.com/track/25dFcH5EsCJLMSmFDDJLT3","https://p.scdn.co/mp3-preview/1f5eba3515fc5c4cae8c95c19a654beca5cbaa26?cid=b161b04bc8624dbe92750da1368b73c0","https://open.spotify.com/artist/5nki7yRhxgM509M5ADlN1p","https://i.scdn.co/image/ab6761610000e5eb7ac8d51e0117b2e331aa38aa"
"This Groove","Oliver Heldens","69","964995","61","8","spotify:track:6ZvLKwgPKlyZtDPkTWjPI7","0.823","0.909","0.0635","https://open.spotify.com/track/6ZvLKwgPKlyZtDPkTWjPI7","https://p.scdn.co/mp3-preview/57cac2951205dbbd3063f14a31c499abe54eb8e5?cid=b161b04bc8624dbe92750da1368b73c0","https://open.spotify.com/artist/5nki7yRhxgM509M5ADlN1p","https://i.scdn.co/image/ab6761610000e5eb7ac8d51e0117b2e331aa38aa"
"Deja Vu","Oliver Heldens","69","964995","59","9","spotify:track:5w7sO0tWXMmctwKnJZu24v","0.87","0.532","0.0951","https://open.spotify.com/track/5w7sO0tWXMmctwKnJZu24v","https://p.scdn.co/mp3-preview/60b3e5dd7026a0bc804894bebf3fc8c91931e169?cid=b161b04bc8624dbe92750da1368b73c0","https://open.spotify.com/artist/5nki7yRhxgM509M5ADlN1p","https://i.scdn.co/image/ab6761610000e5eb7ac8d51e0117b2e331aa38aa"
"By Your Side (feat. Tom Grennan) - Oliver Heldens Remix","Oliver Heldens","69","964995","59","10","spotify:track:3ZFosXgzvmN6wXs9wTaIxh","0.682","0.861","0.0442","https://open.spotify.com/track/3ZFosXgzvmN6wXs9wTaIxh","https://p.scdn.co/mp3-preview/97cafb47e9c417486d8f2bf93c2099a7c6b72b13?cid=b161b04bc8624dbe92750da1368b73c0","https://open.spotify.com/artist/5nki7yRhxgM509M5ADlN1p","https://i.scdn.co/image/ab6761610000e5eb7ac8d51e0117b2e331aa38aa"
"Hypnocurrency","Rezz","60","418090","62","1","spotify:track:3evAUkYDPeLX5kn0LbvGz4","0.528","0.732","0.0504","https://open.spotify.com/track/3evAUkYDPeLX5kn0LbvGz4","https://p.scdn.co/mp3-preview/5b856cb14a21234e6757a99d0d8c4047f66dc8a9?cid=b161b04bc8624dbe92750da1368b73c0","https://open.spotify.com/artist/4aKdmOXdUKX07HVd3sGgzw","https://i.scdn.co/image/ab6761610000e5ebd32795654cee9204e8bdcfde"
"Puzzle Box","Rezz","60","418090","61","2","spotify:track:5EhnuLMer8qAXEDwmLtyrW","0.696","0.488","0.0403","https://open.spotify.com/track/5EhnuLMer8qAXEDwmLtyrW","nan","https://open.spotify.com/artist/4aKdmOXdUKX07HVd3sGgzw","https://i.scdn.co/image/ab6761610000e5ebd32795654cee9204e8bdcfde"
"Someone Else","Rezz","60","418090","60","3","spotify:track:4hR3hQKELrARHNZJ51D14s","0.644","0.349","0.0364","https://open.spotify.com/track/4hR3hQKELrARHNZJ51D14s","https://p.scdn.co/mp3-preview/d37f231b6e5f5b30a59fee8c36fca768b29e57f5?cid=b161b04bc8624dbe92750da1368b73c0","https://open.spotify.com/artist/4aKdmOXdUKX07HVd3sGgzw","https://i.scdn.co/image/ab6761610000e5ebd32795654cee9204e8bdcfde"
"Taste of You","Rezz","60","418090","53","4","spotify:track:0JJy85tdn2EOhIaEdHVivf","0.667","0.679","0.0475","https://open.spotify.com/track/0JJy85tdn2EOhIaEdHVivf","https://p.scdn.co/mp3-preview/32e7c9c5645489d1fdf00010d24724239ba359b6?cid=b161b04bc8624dbe92750da1368b73c0","https://open.spotify.com/artist/4aKdmOXdUKX07HVd3sGgzw","https://i.scdn.co/image/ab6761610000e5ebd32795654cee9204e8bdcfde"
"Edge","Rezz","60","418090","58","5","spotify:track:4pCvnGkf7jveRMKHZosxxB","0.844","0.682","0.0453","https://open.spotify.com/track/4pCvnGkf7jveRMKHZosxxB","https://p.scdn.co/mp3-preview/e78f39733a1e67a601b40a80380d7beaf11b7a9c?cid=b161b04bc8624dbe92750da1368b73c0","https://open.spotify.com/artist/4aKdmOXdUKX07HVd3sGgzw","https://i.scdn.co/image/ab6761610000e5ebd32795654cee9204e8bdcfde"
"Sacrificial","Rezz","60","418090","51","6","spotify:track:2GCZDNEHjBeTSr99hurnaf","0.552","0.564","0.0415","https://open.spotify.com/track/2GCZDNEHjBeTSr99hurnaf","https://p.scdn.co/mp3-preview/f8212baf8964eb206889b0ff74a6a1ffc3a96777?cid=b161b04bc8624dbe92750da1368b73c0","https://open.spotify.com/artist/4aKdmOXdUKX07HVd3sGgzw","https://i.scdn.co/image/ab6761610000e5ebd32795654cee9204e8bdcfde"
"Sweet Dreams (Are Made Of This)","Rezz","60","418090","57","7","spotify:track:2VgsFO5sOTrLo2AOXV7q0W","0.601","0.781","0.0451","https://open.spotify.com/track/2VgsFO5sOTrLo2AOXV7q0W","https://p.scdn.co/mp3-preview/2f56bd13c2778896dd66082028d29632ea630d9f?cid=b161b04bc8624dbe92750da1368b73c0","https://open.spotify.com/artist/4aKdmOXdUKX07HVd3sGgzw","https://i.scdn.co/image/ab6761610000e5ebd32795654cee9204e8bdcfde"
"Violence - REZZ Remix","Rezz","60","418090","55","8","spotify:track:2khrbeiEg5R6jZwbJzR5OL","0.596","0.661","0.0382","https://open.spotify.com/track/2khrbeiEg5R6jZwbJzR5OL","https://p.scdn.co/mp3-preview/f143d0ceec2c4c03b97191fd5e7b79b621798026?cid=b161b04bc8624dbe92750da1368b73c0","https://open.spotify.com/artist/4aKdmOXdUKX07HVd3sGgzw","https://i.scdn.co/image/ab6761610000e5ebd32795654cee9204e8bdcfde"
"Chemical Bond","Rezz","60","418090","54","9","spotify:track:5kn2FMZoBVClbA9CV7w3k5","0.635","0.93","0.0583","https://open.spotify.com/track/5kn2FMZoBVClbA9CV7w3k5","https://p.scdn.co/mp3-preview/6e17a6df0e48eb57fc0e2b748ba0c7669c9357f1?cid=b161b04bc8624dbe92750da1368b73c0","https://open.spotify.com/artist/4aKdmOXdUKX07HVd3sGgzw","https://i.scdn.co/image/ab6761610000e5ebd32795654cee9204e8bdcfde"
"Menace","Rezz","60","418090","54","10","spotify:track:0sBAwzKnPSSi74NMbn9WKI","0.553","0.782","0.0367","https://open.spotify.com/track/0sBAwzKnPSSi74NMbn9WKI","https://p.scdn.co/mp3-preview/05ff59e1759eb7d0e8f0ee56b79078a9ce4719d6?cid=b161b04bc8624dbe92750da1368b73c0","https://open.spotify.com/artist/4aKdmOXdUKX07HVd3sGgzw","https://i.scdn.co/image/ab6761610000e5ebd32795654cee9204e8bdcfde"
"Puzzle Box","Subtronics","60","169785","61","1","spotify:track:5EhnuLMer8qAXEDwmLtyrW","0.696","0.488","0.0403","https://open.spotify.com/track/5EhnuLMer8qAXEDwmLtyrW","nan","https://open.spotify.com/artist/3NJ94iuAmmMjbszODYT6pO","https://i.scdn.co/image/ab6761610000e5ebda3630f6732d14437a4ab33d"
"Griztronics","Subtronics","60","169785","60","2","spotify:track:6OTClxme7EYRZGO6An3SMc","0.607","0.941","0.481","https://open.spotify.com/track/6OTClxme7EYRZGO6An3SMc","nan","https://open.spotify.com/artist/3NJ94iuAmmMjbszODYT6pO","https://i.scdn.co/image/ab6761610000e5ebda3630f6732d14437a4ab33d"
"Gassed Up","Subtronics","60","169785","58","3","spotify:track:6uwjDA0Qi6hk8C6lPJIMc9","0.643","0.985","0.41","https://open.spotify.com/track/6uwjDA0Qi6hk8C6lPJIMc9","nan","https://open.spotify.com/artist/3NJ94iuAmmMjbszODYT6pO","https://i.scdn.co/image/ab6761610000e5ebda3630f6732d14437a4ab33d"
"Escape (feat. Hayla) - Subtronics Remix","Subtronics","60","169785","57","4","spotify:track:6Ep94gYKvkI4OqCOGV66Wx","0.562","0.837","0.0843","https://open.spotify.com/track/6Ep94gYKvkI4OqCOGV66Wx","https://p.scdn.co/mp3-preview/d3d1839f28cecac0c9de4df60cbfb0b5e853fd8c?cid=b161b04bc8624dbe92750da1368b73c0","https://open.spotify.com/artist/3NJ94iuAmmMjbszODYT6pO","https://i.scdn.co/image/ab6761610000e5ebda3630f6732d14437a4ab33d"
"Griztronics II (Another Level)","Subtronics","60","169785","57","5","spotify:track:2il9NDpW87Hk2L9AjeDf8r","0.579","0.978","0.211","https://open.spotify.com/track/2il9NDpW87Hk2L9AjeDf8r","https://p.scdn.co/mp3-preview/5d4b0afe2d3775013a0e2c056e415ba4681eb3db?cid=b161b04bc8624dbe92750da1368b73c0","https://open.spotify.com/artist/3NJ94iuAmmMjbszODYT6pO","https://i.scdn.co/image/ab6761610000e5ebda3630f6732d14437a4ab33d"
"GodLovesUgly - Remix","Subtronics","60","169785","56","6","spotify:track:76xfSfbw0byLqMHykJyPru","0.679","0.861","0.214","https://open.spotify.com/track/76xfSfbw0byLqMHykJyPru","nan","https://open.spotify.com/artist/3NJ94iuAmmMjbszODYT6pO","https://i.scdn.co/image/ab6761610000e5ebda3630f6732d14437a4ab33d"
"Gravity","Subtronics","60","169785","55","7","spotify:track:5qCpcgqwL1Hum85sAQz3W7","0.631","0.862","0.0999","https://open.spotify.com/track/5qCpcgqwL1Hum85sAQz3W7","https://p.scdn.co/mp3-preview/c79cd8fb32f3ad09d69cd0700b606d28339867cb?cid=b161b04bc8624dbe92750da1368b73c0","https://open.spotify.com/artist/3NJ94iuAmmMjbszODYT6pO","https://i.scdn.co/image/ab6761610000e5ebda3630f6732d14437a4ab33d"
"Do It To It - Subtronics Remix","Subtronics","60","169785","54","8","spotify:track:4JHL5XOuByjoHSt5bcVk0u","0.706","0.926","0.206","https://open.spotify.com/track/4JHL5XOuByjoHSt5bcVk0u","nan","https://open.spotify.com/artist/3NJ94iuAmmMjbszODYT6pO","https://i.scdn.co/image/ab6761610000e5ebda3630f6732d14437a4ab33d"
"Spacetime (feat. NEVVE)","Subtronics","60","169785","54","9","spotify:track:0yotOi6EFaBal5Gy7YVcuI","0.709","0.802","0.137","https://open.spotify.com/track/0yotOi6EFaBal5Gy7YVcuI","https://p.scdn.co/mp3-preview/f503cfef14bf294208303d508e5b9a8efa121418?cid=b161b04bc8624dbe92750da1368b73c0","https://open.spotify.com/artist/3NJ94iuAmmMjbszODYT6pO","https://i.scdn.co/image/ab6761610000e5ebda3630f6732d14437a4ab33d"
"Nuclear Bass Face","Subtronics","60","169785","52","10","spotify:track:1R4KCEwucJLsVk5L9o250Y","0.677","0.904","0.105","https://open.spotify.com/track/1R4KCEwucJLsVk5L9o250Y","https://p.scdn.co/mp3-preview/31913e2fd1c94d2ffb00ca9eb84c0402992da7f8?cid=b161b04bc8624dbe92750da1368b73c0","https://open.spotify.com/artist/3NJ94iuAmmMjbszODYT6pO","https://i.scdn.co/image/ab6761610000e5ebda3630f6732d14437a4ab33d"
"Moth To A Flame (with The Weeknd)","Swedish House Mafia","76","3600695","83","1","spotify:track:0VO8gYVDSwM1Qdd2GsMoYK","0.553","0.659","0.0391","https://open.spotify.com/track/0VO8gYVDSwM1Qdd2GsMoYK","nan","https://open.spotify.com/artist/1h6Cn3P4NGzXbaXidqURXs","https://i.scdn.co/image/ab6761610000e5eb0c05adcae61ac479afe35c8e"
"Turn On The Lights again.. (feat. Future)","Swedish House Mafia","76","3600695","65","2","spotify:track:3pBpX15YF0hdlRz2ddfSh2","0.683","0.887","0.0497","https://open.spotify.com/track/3pBpX15YF0hdlRz2ddfSh2","https://p.scdn.co/mp3-preview/b2d10bf2886b4b4c74788ef94e0ecfe87e2466bd?cid=b161b04bc8624dbe92750da1368b73c0","https://open.spotify.com/artist/1h6Cn3P4NGzXbaXidqURXs","https://i.scdn.co/image/ab6761610000e5eb0c05adcae61ac479afe35c8e"
"Heaven Takes You Home (feat. Connie Constance)","Swedish House Mafia","76","3600695","80","3","spotify:track:3nEHrvNNtgLv9rneTAYVr4","0.665","0.738","0.0379","https://open.spotify.com/track/3nEHrvNNtgLv9rneTAYVr4","nan","https://open.spotify.com/artist/1h6Cn3P4NGzXbaXidqURXs","https://i.scdn.co/image/ab6761610000e5eb0c05adcae61ac479afe35c8e"
"Don't You Worry Child - Radio Edit","Swedish House Mafia","76","3600695","79","4","spotify:track:2V65y3PX4DkRhy1djlxd9p","0.612","0.84","0.0509","https://open.spotify.com/track/2V65y3PX4DkRhy1djlxd9p","nan","https://open.spotify.com/artist/1h6Cn3P4NGzXbaXidqURXs","https://i.scdn.co/image/ab6761610000e5eb0c05adcae61ac479afe35c8e"
"Redlight","Swedish House Mafia","76","3600695","70","5","spotify:track:48Jf12YHPBCAfAzi255Rvr","0.71","0.63","0.0413","https://open.spotify.com/track/48Jf12YHPBCAfAzi255Rvr","nan","https://open.spotify.com/artist/1h6Cn3P4NGzXbaXidqURXs","https://i.scdn.co/image/ab6761610000e5eb0c05adcae61ac479afe35c8e"
"Lifetime (with Ty Dolla $ign & 070 Shake)","Swedish House Mafia","76","3600695","69","6","spotify:track:3QqHt507QJZCzluEYsnv4u","0.584","0.718","0.126","https://open.spotify.com/track/3QqHt507QJZCzluEYsnv4u","nan","https://open.spotify.com/artist/1h6Cn3P4NGzXbaXidqURXs","https://i.scdn.co/image/ab6761610000e5eb0c05adcae61ac479afe35c8e"
"Save The World","Swedish House Mafia","76","3600695","66","7","spotify:track:65hRZOQkVjmBdusz1N7aOv","0.507","0.665","0.0474","https://open.spotify.com/track/65hRZOQkVjmBdusz1N7aOv","nan","https://open.spotify.com/artist/1h6Cn3P4NGzXbaXidqURXs","https://i.scdn.co/image/ab6761610000e5eb0c05adcae61ac479afe35c8e"
"Frankenstein (feat. A$AP Rocky)","Swedish House Mafia","76","3600695","64","8","spotify:track:3gDRZkL8YfzpZg1N1YsW5x","0.531","0.612","0.306","https://open.spotify.com/track/3gDRZkL8YfzpZg1N1YsW5x","nan","https://open.spotify.com/artist/1h6Cn3P4NGzXbaXidqURXs","https://i.scdn.co/image/ab6761610000e5eb0c05adcae61ac479afe35c8e"
"One - Radio Edit","Swedish House Mafia","76","3600695","60","9","spotify:track:41KPpw0EZCytxNkmEMJVgr","0.802","0.781","0.0368","https://open.spotify.com/track/41KPpw0EZCytxNkmEMJVgr","nan","https://open.spotify.com/artist/1h6Cn3P4NGzXbaXidqURXs","https://i.scdn.co/image/ab6761610000e5eb0c05adcae61ac479afe35c8e"
"Don't You Worry Child","Swedish House Mafia","76","3600695","64","10","spotify:track:043bfUkTydw0xJ5JjOT91w","0.632","0.88","0.0463","https://open.spotify.com/track/043bfUkTydw0xJ5JjOT91w","nan","https://open.spotify.com/artist/1h6Cn3P4NGzXbaXidqURXs","https://i.scdn.co/image/ab6761610000e5eb0c05adcae61ac479afe35c8e"
"Time - feat. Jules Buckley","Tale Of Us","50","320237","55","1","spotify:track:4d2Gndzn9dnmUC8jIzI9d4","0.555","0.834","0.0381","https://open.spotify.com/track/4d2Gndzn9dnmUC8jIzI9d4","https://p.scdn.co/mp3-preview/3cc7bc7dd2c8b1660055cf40fcb8ddd1ab8bd2da?cid=b161b04bc8624dbe92750da1368b73c0","https://open.spotify.com/artist/1UL813H5aj3e8ekE5RqWqc","https://i.scdn.co/image/ab6761610000e5eb20b1eaa29f8a64a42bca1dce"
"Swallow - Tale Of Us Remix","Tale Of Us","50","320237","52","2","spotify:track:476iNCuZzxV3AXQeRlF1qv","0.737","0.609","0.0584","https://open.spotify.com/track/476iNCuZzxV3AXQeRlF1qv","https://p.scdn.co/mp3-preview/fbacc0d71654a59136015d3a33f48920e3a1cb55?cid=b161b04bc8624dbe92750da1368b73c0","https://open.spotify.com/artist/1UL813H5aj3e8ekE5RqWqc","https://i.scdn.co/image/ab6761610000e5eb20b1eaa29f8a64a42bca1dce"
"Mystery - Tale Of Us & Mathame Remix","Tale Of Us","50","320237","51","3","spotify:track:3fdXEMBTjHNJ5Bug5c7rZi","0.728","0.579","0.0525","https://open.spotify.com/track/3fdXEMBTjHNJ5Bug5c7rZi","https://p.scdn.co/mp3-preview/f3fe457cf33d232bce621ef2e1220194c8a20463?cid=b161b04bc8624dbe92750da1368b73c0","https://open.spotify.com/artist/1UL813H5aj3e8ekE5RqWqc","https://i.scdn.co/image/ab6761610000e5eb20b1eaa29f8a64a42bca1dce"
"Notte senza fine - Kiasmos Remix","Tale Of Us","50","320237","49","4","spotify:track:6HUnAzGo1zYfdX4ZW1yiZh","0.704","0.448","0.0454","https://open.spotify.com/track/6HUnAzGo1zYfdX4ZW1yiZh","nan","https://open.spotify.com/artist/1UL813H5aj3e8ekE5RqWqc","https://i.scdn.co/image/ab6761610000e5eb20b1eaa29f8a64a42bca1dce"
"Hold Me To The Light - Tale Of Us Remix","Tale Of Us","50","320237","49","5","spotify:track:3Allgqu3MaHE8QFvzoP90S","0.643","0.822","0.0497","https://open.spotify.com/track/3Allgqu3MaHE8QFvzoP90S","https://p.scdn.co/mp3-preview/413e5a8bc1bef3ede98172315a2981c12c6f17a0?cid=b161b04bc8624dbe92750da1368b73c0","https://open.spotify.com/artist/1UL813H5aj3e8ekE5RqWqc","https://i.scdn.co/image/ab6761610000e5eb20b1eaa29f8a64a42bca1dce"
"Nova","Tale Of Us","50","320237","46","6","spotify:track:0uKKDJ3L2ayyhrrhT4iI9v","0.746","0.394","0.0718","https://open.spotify.com/track/0uKKDJ3L2ayyhrrhT4iI9v","https://p.scdn.co/mp3-preview/79a3532e37ff90ed78c7568c743bfe12421d9a32?cid=b161b04bc8624dbe92750da1368b73c0","https://open.spotify.com/artist/1UL813H5aj3e8ekE5RqWqc","https://i.scdn.co/image/ab6761610000e5eb20b1eaa29f8a64a42bca1dce"
"Astral","Tale Of Us","50","320237","46","7","spotify:track:5noSkaAhiPUZZpKqgFWiLi","0.734","0.859","0.0496","https://open.spotify.com/track/5noSkaAhiPUZZpKqgFWiLi","https://p.scdn.co/mp3-preview/153b84ad487e2ffca7dc386da2393d1a2caace3e?cid=b161b04bc8624dbe92750da1368b73c0","https://open.spotify.com/artist/1UL813H5aj3e8ekE5RqWqc","https://i.scdn.co/image/ab6761610000e5eb20b1eaa29f8a64a42bca1dce"
"Primative People - Tale Of Us Remix","Tale Of Us","50","320237","45","8","spotify:track:20OvtcB4riRmoXeGoyr5UA","0.653","0.814","0.0372","https://open.spotify.com/track/20OvtcB4riRmoXeGoyr5UA","https://p.scdn.co/mp3-preview/add833700cad3a42196f2db6fea7efcf2b586c8c?cid=b161b04bc8624dbe92750da1368b73c0","https://open.spotify.com/artist/1UL813H5aj3e8ekE5RqWqc","https://i.scdn.co/image/ab6761610000e5eb20b1eaa29f8a64a42bca1dce"
"Café Del Mar - Tale of Us Renaissance Remix","Tale Of Us","50","320237","42","9","spotify:track:2fdSiH39yFhWfDaVDvBt5r","0.64","0.69","0.0528","https://open.spotify.com/track/2fdSiH39yFhWfDaVDvBt5r","https://p.scdn.co/mp3-preview/fa73f5b28711b7380d37a622978266433d8d8551?cid=b161b04bc8624dbe92750da1368b73c0","https://open.spotify.com/artist/1UL813H5aj3e8ekE5RqWqc","https://i.scdn.co/image/ab6761610000e5eb20b1eaa29f8a64a42bca1dce"
"Wake Me Up - Tale Of Us Remix","Tale Of Us","50","320237","41","10","spotify:track:4vb1eb9zYkCqSRirs3ExBQ","0.732","0.825","0.0485","https://open.spotify.com/track/4vb1eb9zYkCqSRirs3ExBQ","https://p.scdn.co/mp3-preview/c9034683391c25a459ca767e1c889537b5ca275d?cid=b161b04bc8624dbe92750da1368b73c0","https://open.spotify.com/artist/1UL813H5aj3e8ekE5RqWqc","https://i.scdn.co/image/ab6761610000e5eb20b1eaa29f8a64a42bca1dce"
"The Calling","Tchami","61","379428","63","1","spotify:track:4ANmPUsA3LAvOSP8xen6Vt","0.748","0.873","0.0627","https://open.spotify.com/track/4ANmPUsA3LAvOSP8xen6Vt","https://p.scdn.co/mp3-preview/399487e3a664cd96f6cfd7d3b567524aeee82cb5?cid=b161b04bc8624dbe92750da1368b73c0","https://open.spotify.com/artist/1KpCi9BOfviCVhmpI4G2sY","https://i.scdn.co/image/ab6761610000e5ebfc95608aa4fe9512bb8781d8"
"LOW","Tchami","61","379428","61","2","spotify:track:4Ko0kuCmsJW0HMKkQM7Xw8","0.678","0.807","0.0383","https://open.spotify.com/track/4Ko0kuCmsJW0HMKkQM7Xw8","https://p.scdn.co/mp3-preview/083a7cec39d54a11b5b213bbbb24758bc6d7965c?cid=b161b04bc8624dbe92750da1368b73c0","https://open.spotify.com/artist/1KpCi9BOfviCVhmpI4G2sY","https://i.scdn.co/image/ab6761610000e5ebfc95608aa4fe9512bb8781d8"
"Praise (feat. Gunna)","Tchami","61","379428","61","3","spotify:track:5cz0T1Q8AmpY18TDLAe2ja","0.737","0.681","0.0536","https://open.spotify.com/track/5cz0T1Q8AmpY18TDLAe2ja","https://p.scdn.co/mp3-preview/eb5c5945799afbc740340c032d49b59fed389a8e?cid=b161b04bc8624dbe92750da1368b73c0","https://open.spotify.com/artist/1KpCi9BOfviCVhmpI4G2sY","https://i.scdn.co/image/ab6761610000e5ebfc95608aa4fe9512bb8781d8"
"You Know You Like It - Tchami Remix","Tchami","61","379428","61","4","spotify:track:0OpcI3rARLsNWgVbPdwHD9","0.815","0.84","0.107","https://open.spotify.com/track/0OpcI3rARLsNWgVbPdwHD9","nan","https://open.spotify.com/artist/1KpCi9BOfviCVhmpI4G2sY","https://i.scdn.co/image/ab6761610000e5ebfc95608aa4fe9512bb8781d8"
"Promesses - Radio Edit","Tchami","61","379428","59","5","spotify:track:75usYC3ytzfttweGDXKMdE","0.721","0.782","0.0573","https://open.spotify.com/track/75usYC3ytzfttweGDXKMdE","https://p.scdn.co/mp3-preview/e7d3783cbab9ed7ee3ef4ae3d7484a893b4e5a1f?cid=b161b04bc8624dbe92750da1368b73c0","https://open.spotify.com/artist/1KpCi9BOfviCVhmpI4G2sY","https://i.scdn.co/image/ab6761610000e5ebfc95608aa4fe9512bb8781d8"
"Eternity (feat. Lena Leon)","Tchami","61","379428","59","6","spotify:track:7DDIVNWlbGJpQjVDDg8rXR","0.715","0.862","0.0632","https://open.spotify.com/track/7DDIVNWlbGJpQjVDDg8rXR","https://p.scdn.co/mp3-preview/3a99c9d1bc9ee552f43bea539e360a74f4ff6864?cid=b161b04bc8624dbe92750da1368b73c0","https://open.spotify.com/artist/1KpCi9BOfviCVhmpI4G2sY","https://i.scdn.co/image/ab6761610000e5ebfc95608aa4fe9512bb8781d8"
"Adieu","Tchami","61","379428","59","7","spotify:track:62OQBLpD3TmkqbtTPqqdRt","0.717","0.747","0.0409","https://open.spotify.com/track/62OQBLpD3TmkqbtTPqqdRt","https://p.scdn.co/mp3-preview/9471914c1b00514c73fad481ddef047e87289f77?cid=b161b04bc8624dbe92750da1368b73c0","https://open.spotify.com/artist/1KpCi9BOfviCVhmpI4G2sY","https://i.scdn.co/image/ab6761610000e5ebfc95608aa4fe9512bb8781d8"
"Shades","Tchami","61","379428","55","8","spotify:track:6U0GYSiAsb9bYvuOzQJLoq","0.629","0.748","0.0812","https://open.spotify.com/track/6U0GYSiAsb9bYvuOzQJLoq","https://p.scdn.co/mp3-preview/ab30a1f06fa0dbfa22bd330e4a3c7191670d9873?cid=b161b04bc8624dbe92750da1368b73c0","https://open.spotify.com/artist/1KpCi9BOfviCVhmpI4G2sY","https://i.scdn.co/image/ab6761610000e5ebfc95608aa4fe9512bb8781d8"
"Say Nothing (feat. MAY-A) - Tchami Remix","Tchami","61","379428","54","9","spotify:track:6EztmOFElf8Clh6NM60Lt3","0.751","0.794","0.0594","https://open.spotify.com/track/6EztmOFElf8Clh6NM60Lt3","https://p.scdn.co/mp3-preview/8fe6c70ec838009e2db99fc4903af5f27f0fe5fe?cid=b161b04bc8624dbe92750da1368b73c0","https://open.spotify.com/artist/1KpCi9BOfviCVhmpI4G2sY","https://i.scdn.co/image/ab6761610000e5ebfc95608aa4fe9512bb8781d8"
"Made In France (with Tchami & Malaa feat. Mercer)","Tchami","61","379428","53","10","spotify:track:0E3L4BNuUlZyvcZyySTfKr","0.836","0.949","0.0786","https://open.spotify.com/track/0E3L4BNuUlZyvcZyySTfKr","nan","https://open.spotify.com/artist/1KpCi9BOfviCVhmpI4G2sY","https://i.scdn.co/image/ab6761610000e5ebfc95608aa4fe9512bb8781d8"
"Sunspot (White Space Conflict)","Testpilot","6","6355","20","1","spotify:track:2yREKGxsPQJkYhGeeDIVQF","0.806","0.857","0.0469","https://open.spotify.com/track/2yREKGxsPQJkYhGeeDIVQF","https://p.scdn.co/mp3-preview/71f8114d3530663c0254c1961fb88b371bb6b072?cid=b161b04bc8624dbe92750da1368b73c0","https://open.spotify.com/artist/4KZ2CyWpeORBTUd4vBAqnN","https://i.scdn.co/image/ab67616d0000b273fad4b49795125378908738d5"
"Sunspot (White Space Conflict) - Pig & Dan Remix","Testpilot","6","6355","12","2","spotify:track:51ToEt8v1TRMNfRry3p6jt","0.799","0.944","0.053","https://open.spotify.com/track/51ToEt8v1TRMNfRry3p6jt","https://p.scdn.co/mp3-preview/f9d321aba3d9e5b13dc298baad55d965a1e9cd13?cid=b161b04bc8624dbe92750da1368b73c0","https://open.spotify.com/artist/4KZ2CyWpeORBTUd4vBAqnN","https://i.scdn.co/image/ab67616d0000b273fad4b49795125378908738d5"
"Call Me (with R3HAB & Timmy Trumpet)","Timmy Trumpet","72","941659","71","1","spotify:track:1dt220OBbkTsYz1NLVKIaw","0.398","0.956","0.329","https://open.spotify.com/track/1dt220OBbkTsYz1NLVKIaw","https://p.scdn.co/mp3-preview/dc062ae54e84aee5c2265ebeb19f8bb919d6061c?cid=b161b04bc8624dbe92750da1368b73c0","https://open.spotify.com/artist/0CbeG1224FS58EUx4tPevZ","https://i.scdn.co/image/ab6761610000e5eb82ac9eee4c8a5f57412b4821"
"Narco","Timmy Trumpet","72","941659","70","2","spotify:track:4TuNI3WEMyLQAKRMJmcQdA","0.764","0.943","0.0711","https://open.spotify.com/track/4TuNI3WEMyLQAKRMJmcQdA","https://p.scdn.co/mp3-preview/0d38a874dcca77193f8564e60d5b523413969eeb?cid=b161b04bc8624dbe92750da1368b73c0","https://open.spotify.com/artist/0CbeG1224FS58EUx4tPevZ","https://i.scdn.co/image/ab6761610000e5eb82ac9eee4c8a5f57412b4821"
"Freaks - Radio Edit","Timmy Trumpet","72","941659","67","3","spotify:track:4f3NHOxgC8Bg21IJBg4cZ3","0.882","0.965","0.13","https://open.spotify.com/track/4f3NHOxgC8Bg21IJBg4cZ3","nan","https://open.spotify.com/artist/0CbeG1224FS58EUx4tPevZ","https://i.scdn.co/image/ab6761610000e5eb82ac9eee4c8a5f57412b4821"
"Mad World","Timmy Trumpet","72","941659","64","4","spotify:track:6WsaEpK2Bky9ZGCCaQPyg4","0.54","0.892","0.11","https://open.spotify.com/track/6WsaEpK2Bky9ZGCCaQPyg4","https://p.scdn.co/mp3-preview/b7618342841c79d1ad066f54843d1de8abb57edc?cid=b161b04bc8624dbe92750da1368b73c0","https://open.spotify.com/artist/0CbeG1224FS58EUx4tPevZ","https://i.scdn.co/image/ab6761610000e5eb82ac9eee4c8a5f57412b4821"
"Just In Case","Timmy Trumpet","72","941659","65","5","spotify:track:2AAMkITmFcCL9MtTKFui2k","0.667","0.676","0.0651","https://open.spotify.com/track/2AAMkITmFcCL9MtTKFui2k","https://p.scdn.co/mp3-preview/d4457d249de36815e110caf0d9a7bb06d028aacf?cid=b161b04bc8624dbe92750da1368b73c0","https://open.spotify.com/artist/0CbeG1224FS58EUx4tPevZ","https://i.scdn.co/image/ab6761610000e5eb82ac9eee4c8a5f57412b4821"
"Feel Your Love","Timmy Trumpet","72","941659","64","6","spotify:track:4h4c2nt7wTFLn0OYVDWOHC","0.693","0.729","0.0477","https://open.spotify.com/track/4h4c2nt7wTFLn0OYVDWOHC","https://p.scdn.co/mp3-preview/f44eafb36aeb8dc4e486e677c2dae4514d5950dd?cid=b161b04bc8624dbe92750da1368b73c0","https://open.spotify.com/artist/0CbeG1224FS58EUx4tPevZ","https://i.scdn.co/image/ab6761610000e5eb82ac9eee4c8a5f57412b4821"
"Three Little Birds","Timmy Trumpet","72","941659","64","7","spotify:track:1EytZ5aKjaGDsk8ujrFWoV","0.478","0.787","0.113","https://open.spotify.com/track/1EytZ5aKjaGDsk8ujrFWoV","https://p.scdn.co/mp3-preview/29057b7ebe51271c33a4ef4aea0ded8df1bc510f?cid=b161b04bc8624dbe92750da1368b73c0","https://open.spotify.com/artist/0CbeG1224FS58EUx4tPevZ","https://i.scdn.co/image/ab6761610000e5eb82ac9eee4c8a5f57412b4821"
"Ininna Tora","Timmy Trumpet","72","941659","64","8","spotify:track:2iQMxfQyEyypb0MCFYaLlE","0.731","0.893","0.0828","https://open.spotify.com/track/2iQMxfQyEyypb0MCFYaLlE","https://p.scdn.co/mp3-preview/ee6ea96fc01844e61b33a48064c3794268946702?cid=b161b04bc8624dbe92750da1368b73c0","https://open.spotify.com/artist/0CbeG1224FS58EUx4tPevZ","https://i.scdn.co/image/ab6761610000e5eb82ac9eee4c8a5f57412b4821"
"Oracle","Timmy Trumpet","72","941659","63","9","spotify:track:0O3hacFfr7hp4fIeomi4ex","0.689","0.77","0.0485","https://open.spotify.com/track/0O3hacFfr7hp4fIeomi4ex","https://p.scdn.co/mp3-preview/3eb27357d9b80e8e997f20a0b831efcfe901931f?cid=b161b04bc8624dbe92750da1368b73c0","https://open.spotify.com/artist/0CbeG1224FS58EUx4tPevZ","https://i.scdn.co/image/ab6761610000e5eb82ac9eee4c8a5f57412b4821"
"Party Till We Die (feat. Andrew W.K.)","Timmy Trumpet","72","941659","63","10","spotify:track:5AEs83CYoPApEjYEJGbTuJ","0.64","0.94","0.0795","https://open.spotify.com/track/5AEs83CYoPApEjYEJGbTuJ","https://p.scdn.co/mp3-preview/5f9c4168b3266bfff66e15e775b762d9d1fb7703?cid=b161b04bc8624dbe92750da1368b73c0","https://open.spotify.com/artist/0CbeG1224FS58EUx4tPevZ","https://i.scdn.co/image/ab6761610000e5eb82ac9eee4c8a5f57412b4821"
"Slow Down (feat. Jorja Smith) - Vintage Culture & Slow Motion Remix","Vintage Culture","72","1670754","72","1","spotify:track:5PNvgiKSwMdjBsDsgFCFLX","0.881","0.661","0.0343","https://open.spotify.com/track/5PNvgiKSwMdjBsDsgFCFLX","https://p.scdn.co/mp3-preview/99103c24d0a08a2cc10a225da783d75c1e261d08?cid=b161b04bc8624dbe92750da1368b73c0","https://open.spotify.com/artist/28uJnu5EsrGml2tBd7y8ts","https://i.scdn.co/image/ab6761610000e5eb92b73e7c017ab5359781fe1b"
"You Give Me A Feeling","Vintage Culture","72","1670754","68","2","spotify:track:1YKp8PG1DEQJ0hLc2CJGO8","0.761","0.867","0.0499","https://open.spotify.com/track/1YKp8PG1DEQJ0hLc2CJGO8","https://p.scdn.co/mp3-preview/ad3c62d2812f46906d60d1021d162a3a047a210a?cid=b161b04bc8624dbe92750da1368b73c0","https://open.spotify.com/artist/28uJnu5EsrGml2tBd7y8ts","https://i.scdn.co/image/ab6761610000e5eb92b73e7c017ab5359781fe1b"
"This Feeling","Vintage Culture","72","1670754","66","3","spotify:track:3hQpBuFdNnFM38NjTeg0XQ","0.696","0.685","0.0376","https://open.spotify.com/track/3hQpBuFdNnFM38NjTeg0XQ","https://p.scdn.co/mp3-preview/751436cb32a8c7363d143dc11e3abc2a5cf2f71d?cid=b161b04bc8624dbe92750da1368b73c0","https://open.spotify.com/artist/28uJnu5EsrGml2tBd7y8ts","https://i.scdn.co/image/ab6761610000e5eb92b73e7c017ab5359781fe1b"
"World Hold On (Radio Edit) [Vintage Culture & Dubdogz Remix]","Vintage Culture","72","1670754","65","4","spotify:track:0VdwHBLCTSdrTJFIjWOsEC","0.604","0.894","0.199","https://open.spotify.com/track/0VdwHBLCTSdrTJFIjWOsEC","https://p.scdn.co/mp3-preview/502f5a1ef04dd5683067f4e9d1baa4b47c0bd614?cid=b161b04bc8624dbe92750da1368b73c0","https://open.spotify.com/artist/28uJnu5EsrGml2tBd7y8ts","https://i.scdn.co/image/ab6761610000e5eb92b73e7c017ab5359781fe1b"
"Pontos de Exclamação - Vintage Culture & Future Class Remix","Vintage Culture","72","1670754","65","5","spotify:track:25usEf5iGk9HL0LM9VTxue","0.786","0.75","0.102","https://open.spotify.com/track/25usEf5iGk9HL0LM9VTxue","https://p.scdn.co/mp3-preview/6b1cf54a96370bd72419a470195b6eeeff7efa77?cid=b161b04bc8624dbe92750da1368b73c0","https://open.spotify.com/artist/28uJnu5EsrGml2tBd7y8ts","https://i.scdn.co/image/ab6761610000e5eb92b73e7c017ab5359781fe1b"
"I Will Find","Vintage Culture","72","1670754","64","6","spotify:track:2bbfiUnH4CATlekDS1dxNr","0.922","0.535","0.0484","https://open.spotify.com/track/2bbfiUnH4CATlekDS1dxNr","https://p.scdn.co/mp3-preview/a9521c743042166d422508a1c470436cb8b111fb?cid=b161b04bc8624dbe92750da1368b73c0","https://open.spotify.com/artist/28uJnu5EsrGml2tBd7y8ts","https://i.scdn.co/image/ab6761610000e5eb92b73e7c017ab5359781fe1b"
"Love Tonight - Vintage Culture & Kiko Franco Remix Edit","Vintage Culture","72","1670754","64","7","spotify:track:53ICqRSyTfhrrvNwVSP6am","0.487","0.708","0.0392","https://open.spotify.com/track/53ICqRSyTfhrrvNwVSP6am","https://p.scdn.co/mp3-preview/0deea1065c19d4de719a28e0ea1c8135dffb5228?cid=b161b04bc8624dbe92750da1368b73c0","https://open.spotify.com/artist/28uJnu5EsrGml2tBd7y8ts","https://i.scdn.co/image/ab6761610000e5eb92b73e7c017ab5359781fe1b"
"Drinkee - Vintage Culture & John Summit Remix","Vintage Culture","72","1670754","64","8","spotify:track:68raS6F0ad2Iilql3yYeCt","0.741","0.726","0.0462","https://open.spotify.com/track/68raS6F0ad2Iilql3yYeCt","https://p.scdn.co/mp3-preview/36308c5b538b95dcd06ccf0312fbdd045b2f1984?cid=b161b04bc8624dbe92750da1368b73c0","https://open.spotify.com/artist/28uJnu5EsrGml2tBd7y8ts","https://i.scdn.co/image/ab6761610000e5eb92b73e7c017ab5359781fe1b"
"Under Pressure","Vintage Culture","72","1670754","63","9","spotify:track:7q887Wj7xbhsSKhHct5xKM","0.416","0.821","0.0394","https://open.spotify.com/track/7q887Wj7xbhsSKhHct5xKM","nan","https://open.spotify.com/artist/28uJnu5EsrGml2tBd7y8ts","https://i.scdn.co/image/ab6761610000e5eb92b73e7c017ab5359781fe1b"
"Party On My Own (feat. FAULHABER)","Vintage Culture","72","1670754","53","10","spotify:track:4c9Py6O1NeuYKbJ8Ok7mTl","0.757","0.834","0.0452","https://open.spotify.com/track/4c9Py6O1NeuYKbJ8Ok7mTl","https://p.scdn.co/mp3-preview/33e7418f3edd032310f53eb0ca66543e2cc1c3e8?cid=b161b04bc8624dbe92750da1368b73c0","https://open.spotify.com/artist/28uJnu5EsrGml2tBd7y8ts","https://i.scdn.co/image/ab6761610000e5eb92b73e7c017ab5359781fe1b"
"The Middle","Zedd","75","5809837","80","1","spotify:track:09IStsImFySgyp0pIQdqAc","0.753","0.657","0.0449","https://open.spotify.com/track/09IStsImFySgyp0pIQdqAc","nan","https://open.spotify.com/artist/2qxJFvFYMEDqd7ui6kSAcq","https://i.scdn.co/image/ab6761610000e5eb88d30a4c3e7d79a0cdfe96b3"
"Stay","Zedd","75","5809837","77","2","spotify:track:6uBhi9gBXWjanegOb2Phh0","0.69","0.622","0.0622","https://open.spotify.com/track/6uBhi9gBXWjanegOb2Phh0","nan","https://open.spotify.com/artist/2qxJFvFYMEDqd7ui6kSAcq","https://i.scdn.co/image/ab6761610000e5eb88d30a4c3e7d79a0cdfe96b3"
"Make You Say","Zedd","75","5809837","76","3","spotify:track:1elhmWW7Bv0MOQj2gAsyoV","0.687","0.61","0.0499","https://open.spotify.com/track/1elhmWW7Bv0MOQj2gAsyoV","nan","https://open.spotify.com/artist/2qxJFvFYMEDqd7ui6kSAcq","https://i.scdn.co/image/ab6761610000e5eb88d30a4c3e7d79a0cdfe96b3"
"Clarity","Zedd","75","5809837","75","4","spotify:track:60wwxj6Dd9NJlirf84wr2c","0.509","0.781","0.072","https://open.spotify.com/track/60wwxj6Dd9NJlirf84wr2c","nan","https://open.spotify.com/artist/2qxJFvFYMEDqd7ui6kSAcq","https://i.scdn.co/image/ab6761610000e5eb88d30a4c3e7d79a0cdfe96b3"
"Happy Now","Zedd","75","5809837","71","5","spotify:track:4keoy2fqgwGnbWlm3ZVZFa","0.503","0.741","0.047","https://open.spotify.com/track/4keoy2fqgwGnbWlm3ZVZFa","nan","https://open.spotify.com/artist/2qxJFvFYMEDqd7ui6kSAcq","https://i.scdn.co/image/ab6761610000e5eb88d30a4c3e7d79a0cdfe96b3"
"Beautiful Now","Zedd","75","5809837","70","6","spotify:track:2ISSQPb9LHHiV6ng2NXosL","0.628","0.833","0.0282","https://open.spotify.com/track/2ISSQPb9LHHiV6ng2NXosL","nan","https://open.spotify.com/artist/2qxJFvFYMEDqd7ui6kSAcq","https://i.scdn.co/image/ab6761610000e5eb88d30a4c3e7d79a0cdfe96b3"
"Good Thing (with Kehlani)","Zedd","75","5809837","68","7","spotify:track:5aUSEPNd3m5xliFK4pn5mU","0.693","0.564","0.0378","https://open.spotify.com/track/5aUSEPNd3m5xliFK4pn5mU","nan","https://open.spotify.com/artist/2qxJFvFYMEDqd7ui6kSAcq","https://i.scdn.co/image/ab6761610000e5eb88d30a4c3e7d79a0cdfe96b3"
"Follow","Zedd","75","5809837","57","8","spotify:track:4xFcQGVBVakReaL0OOJiP6","0.588","0.78","0.0432","https://open.spotify.com/track/4xFcQGVBVakReaL0OOJiP6","https://p.scdn.co/mp3-preview/7fc88ed0627d302a1f1523b1282573a008121bed?cid=b161b04bc8624dbe92750da1368b73c0","https://open.spotify.com/artist/2qxJFvFYMEDqd7ui6kSAcq","https://i.scdn.co/image/ab6761610000e5eb88d30a4c3e7d79a0cdfe96b3"
"I Want You To Know","Zedd","75","5809837","66","9","spotify:track:1JDIArrcepzWDTAWXdGYmP","0.58","0.846","0.0573","https://open.spotify.com/track/1JDIArrcepzWDTAWXdGYmP","nan","https://open.spotify.com/artist/2qxJFvFYMEDqd7ui6kSAcq","https://i.scdn.co/image/ab6761610000e5eb88d30a4c3e7d79a0cdfe96b3"
"Stay The Night - Featuring Hayley Williams Of Paramore","Zedd","75","5809837","65","10","spotify:track:2QtJA4gbwe1AcanB2p21aP","0.596","0.738","0.0411","https://open.spotify.com/track/2QtJA4gbwe1AcanB2p21aP","nan","https://open.spotify.com/artist/2qxJFvFYMEDqd7ui6kSAcq","https://i.scdn.co/image/ab6761610000e5eb88d30a4c3e7d79a0cdfe96b3"